division,province,tikina,village,province_code,tikina_key,village_key,is_active,validation_status,notes,source_url
Western,Ba,Nailaga,Nailaga,BA,ba::nailaga,ba::nailaga::nailaga,True,SOURCE_SEED,,https://www.fiji-budget-vacations.com/provinces-of-fiji.html
Western,Ba,Nailaga,Votua,BA,ba::nailaga,ba::nailaga::votua,True,SOURCE_SEED,,https://www.fiji-budget-vacations.com/provinces-of-fiji.html
Western,Ba,Nailaga,Nawaqarua,BA,ba::nailaga,ba::nailaga::nawaqarua,True,SOURCE_SEED,,https://www.fiji-budget-vacations.com/provinces-of-fiji.html
Western,Ba,Nailaga,Matawalu,BA,ba::nailaga,ba::nailaga::matawalu,True,SOURCE_SEED,,https://www.fiji-budget-vacations.com/provinces-of-fiji.html
Western,Ba,Nailaga,Nasolo,BA,ba::nailaga,ba::nailaga::nasolo,True,SOURCE_SEED,,https://www.fiji-budget-vacations.com/provinces-of-fiji.html
Western,Ba,Nailaga,Koroqaqa,BA,ba::nailaga,ba::nailaga::koroqaqa,True,SOURCE_SEED,,https://www.fiji-budget-vacations.com/provinces-of-fiji.html
Western,Ba,Bulu,Sorokoba,BA,ba::bulu,ba::bulu::sorokoba,True,SOURCE_SEED,,https://www.fiji-budget-vacations.com/provinces-of-fiji.html
Western,Ba,Bulu,Natalecake,BA,ba::bulu,ba::bulu::natalecake,True,SOURCE_SEED,,https://www.fiji-budget-vacations.com/provinces-of-fiji.html
Western,Ba,Bulu,Vadravadra,BA,ba::bulu,ba::bulu::vadravadra,True,SOURCE_SEED,,https://www.fiji-budget-vacations.com/provinces-of-fiji.html
Western,Ba,Bulu,Sasa,BA,ba::bulu,ba::bulu::sasa,True,SOURCE_SEED,,https://www.fiji-budget-vacations.com/provinces-of-fiji.html
Western,Ba,Bulu,Natunuku,BA,ba::bulu,ba::bulu::natunuku,True,SOURCE_SEED,,https://www.fiji-budget-vacations.com/provinces-of-fiji.html
Western,Ba,Bulu,Natutu,BA,ba::bulu,ba::bulu::natutu,True,SOURCE_SEED,,https://www.fiji-budget-vacations.com/provinces-of-fiji.html
Western,Ba,Magodro,Bukuya,BA,ba::magodro,ba::magodro::bukuya,True,SOURCE_SEED,,https://www.fiji-budget-vacations.com/provinces-of-fiji.html
Western,Ba,Magodro,Nadevo,BA,ba::magodro,ba::magodro::nadevo,True,SOURCE_SEED,,https://www.fiji-budget-vacations.com/provinces-of-fiji.html
Western,Ba,Magodro,Navaga,BA,ba::magodro,ba::magodro::navaga,True,SOURCE_SEED,,https://www.fiji-budget-vacations.com/provinces-of-fiji.html
Western,Ba,Magodro,Tabalei,BA,ba::magodro,ba::magodro::tabalei,True,SOURCE_SEED,,https://www.fiji-budget-vacations.com/provinces-of-fiji.html
Western,Ba,Magodro,Tabuquto,BA,ba::magodro,ba::magodro::tabuquto,True,SOURCE_SEED,,https://www.fiji-budget-vacations.com/provinces-of-fiji.html
Western,Ba,Magodro,Nasivikoso,BA,ba::magodro,ba::magodro::nasivikoso,True,SOURCE_SEED,,https://www.fiji-budget-vacations.com/provinces-of-fiji.html
Western,Ba,Naloto,Toge,BA,ba::naloto,ba::naloto::toge,True,SOURCE_SEED,,https://www.fiji-budget-vacations.com/provinces-of-fiji.html
Western,Ba,Naloto,Balevuto,BA,ba::naloto,ba::naloto::balevuto,True,SOURCE_SEED,,https://www.fiji-budget-vacations.com/provinces-of-fiji.html
Western,Ba,Naloto,Nadrugu,BA,ba::naloto,ba::naloto::nadrugu,True,SOURCE_SEED,,https://www.fiji-budget-vacations.com/provinces-of-fiji.html
Western,Ba,Nalotawa,Nalotawa,BA,ba::nalotawa,ba::nalotawa::nalotawa,True,SOURCE_SEED,,https://www.fiji-budget-vacations.com/provinces-of-fiji.html
Western,Ba,Nalotawa,Navilawa,BA,ba::nalotawa,ba::nalotawa::navilawa,True,SOURCE_SEED,,https://www.fiji-budget-vacations.com/provinces-of-fiji.html
Western,Ba,Nalotawa,Nanuku,BA,ba::nalotawa,ba::nalotawa::nanuku,True,SOURCE_SEED,,https://www.fiji-budget-vacations.com/provinces-of-fiji.html
Western,Ba,Nalotawa,Tukuraki,BA,ba::nalotawa,ba::nalotawa::tukuraki,True,SOURCE_SEED,,https://www.fiji-budget-vacations.com/provinces-of-fiji.html
Western,Ba,Nalotawa,Yaloku,BA,ba::nalotawa,ba::nalotawa::yaloku,True,SOURCE_SEED,,https://www.fiji-budget-vacations.com/provinces-of-fiji.html
Western,Ba,Nadi,Narewa,BA,ba::nadi,ba::nadi::narewa,True,SOURCE_SEED,,https://www.fiji-budget-vacations.com/provinces-of-fiji.html
Western,Ba,Nadi,Nakavu,BA,ba::nadi,ba::nadi::nakavu,True,SOURCE_SEED,,https://www.fiji-budget-vacations.com/provinces-of-fiji.html
Western,Ba,Nadi,Namotomoto,BA,ba::nadi,ba::nadi::namotomoto,True,SOURCE_SEED,,https://www.fiji-budget-vacations.com/provinces-of-fiji.html
Western,Ba,Nadi,Navoci,BA,ba::nadi,ba::nadi::navoci,True,SOURCE_SEED,,https://www.fiji-budget-vacations.com/provinces-of-fiji.html
Western,Ba,Nadi,Saunaka,BA,ba::nadi,ba::nadi::saunaka,True,SOURCE_SEED,,https://www.fiji-budget-vacations.com/provinces-of-fiji.html
Western,Ba,Nadi,Dratabu,BA,ba::nadi,ba::nadi::dratabu,True,SOURCE_SEED,,https://www.fiji-budget-vacations.com/provinces-of-fiji.html
Western,Ba,Sikituru,Sikituru,BA,ba::sikituru,ba::sikituru::sikituru,True,SOURCE_SEED,,https://www.fiji-budget-vacations.com/provinces-of-fiji.html
Western,Ba,Sikituru,Moala,BA,ba::sikituru,ba::sikituru::moala,True,SOURCE_SEED,,https://www.fiji-budget-vacations.com/provinces-of-fiji.html
Western,Ba,Sikituru,Yavusania,BA,ba::sikituru,ba::sikituru::yavusania,True,SOURCE_SEED,,https://www.fiji-budget-vacations.com/provinces-of-fiji.html
Western,Ba,Sikituru,Korovuto,BA,ba::sikituru,ba::sikituru::korovuto,True,SOURCE_SEED,,https://www.fiji-budget-vacations.com/provinces-of-fiji.html
Western,Ba,Tavua,Tavualevu,BA,ba::tavua,ba::tavua::tavualevu,True,SOURCE_SEED,,https://www.fiji-budget-vacations.com/provinces-of-fiji.html
Western,Ba,Tavua,Nabuna,BA,ba::tavua,ba::tavua::nabuna,True,SOURCE_SEED,,https://www.fiji-budget-vacations.com/provinces-of-fiji.html
Western,Ba,Tavua,Korovou,BA,ba::tavua,ba::tavua::korovou,True,SOURCE_SEED,,https://www.fiji-budget-vacations.com/provinces-of-fiji.html
Western,Ba,Tavua,Vatutavui,BA,ba::tavua,ba::tavua::vatutavui,True,SOURCE_SEED,,https://www.fiji-budget-vacations.com/provinces-of-fiji.html
Western,Ba,Tavua,Nadelei,BA,ba::tavua,ba::tavua::nadelei,True,SOURCE_SEED,,https://www.fiji-budget-vacations.com/provinces-of-fiji.html
Western,Ba,Savatu,Nagatagata,BA,ba::savatu,ba::savatu::nagatagata,True,SOURCE_SEED,,https://www.fiji-budget-vacations.com/provinces-of-fiji.html
Western,Ba,Savatu,Waikubukubu,BA,ba::savatu,ba::savatu::waikubukubu,True,SOURCE_SEED,,https://www.fiji-budget-vacations.com/provinces-of-fiji.html
Western,Ba,Savatu,Vatucere (Nadala),BA,ba::savatu,ba::savatu::vatucere-nadala,True,SOURCE_SEED,,https://www.fiji-budget-vacations.com/provinces-of-fiji.html
Western,Ba,Savatu,Vunabua,BA,ba::savatu,ba::savatu::vunabua,True,SOURCE_SEED,,https://www.fiji-budget-vacations.com/provinces-of-fiji.html
Western,Ba,Savatu,Lewa,BA,ba::savatu,ba::savatu::lewa,True,SOURCE_SEED,,https://www.fiji-budget-vacations.com/provinces-of-fiji.html
Western,Ba,Savatu,Koro,BA,ba::savatu,ba::savatu::koro,True,SOURCE_SEED,,https://www.fiji-budget-vacations.com/provinces-of-fiji.html
Western,Ba,Qaliyalatini,Navala,BA,ba::qaliyalatini,ba::qaliyalatini::navala,True,SOURCE_SEED,,https://www.fiji-budget-vacations.com/provinces-of-fiji.html
Western,Ba,Qaliyalatini,Nakoroboya,BA,ba::qaliyalatini,ba::qaliyalatini::nakoroboya,True,SOURCE_SEED,,https://www.fiji-budget-vacations.com/provinces-of-fiji.html
Western,Ba,Vuda,Veiseisei,BA,ba::vuda,ba::vuda::veiseisei,True,REVIEW,Verify spelling against the iTaukei Affairs master register before production import; commonly encountered spelling variants may exist.,https://www.fiji-budget-vacations.com/provinces-of-fiji.html
Western,Ba,Vuda,Lauwaki,BA,ba::vuda,ba::vuda::lauwaki,True,SOURCE_SEED,,https://www.fiji-budget-vacations.com/provinces-of-fiji.html
Western,Ba,Vuda,Lomolomo,BA,ba::vuda,ba::vuda::lomolomo,True,SOURCE_SEED,,https://www.fiji-budget-vacations.com/provinces-of-fiji.html
Western,Ba,Vuda,Namara,BA,ba::vuda,ba::vuda::namara,True,SOURCE_SEED,,https://www.fiji-budget-vacations.com/provinces-of-fiji.html
Western,Ba,Vuda,Abaca,BA,ba::vuda,ba::vuda::abaca,True,SOURCE_SEED,,https://www.fiji-budget-vacations.com/provinces-of-fiji.html
Western,Ba,Sabeto,Koroyaca,BA,ba::sabeto,ba::sabeto::koroyaca,True,SOURCE_SEED,,https://www.fiji-budget-vacations.com/provinces-of-fiji.html
Western,Ba,Sabeto,Narokorokoyawa,BA,ba::sabeto,ba::sabeto::narokorokoyawa,True,SOURCE_SEED,,https://www.fiji-budget-vacations.com/provinces-of-fiji.html
Western,Ba,Sabeto,Natalau,BA,ba::sabeto,ba::sabeto::natalau,True,SOURCE_SEED,,https://www.fiji-budget-vacations.com/provinces-of-fiji.html
Western,Ba,Sabeto,Naboutini,BA,ba::sabeto,ba::sabeto::naboutini,True,SOURCE_SEED,,https://www.fiji-budget-vacations.com/provinces-of-fiji.html
Western,Ba,Sabeto,Nadele (Korobebe),BA,ba::sabeto,ba::sabeto::nadele-korobebe,True,SOURCE_SEED,,https://www.fiji-budget-vacations.com/provinces-of-fiji.html
Western,Ba,Vitogo,Vitogo,BA,ba::vitogo,ba::vitogo::vitogo,True,SOURCE_SEED,,https://www.fiji-budget-vacations.com/provinces-of-fiji.html
Western,Ba,Vitogo,Naviyago,BA,ba::vitogo,ba::vitogo::naviyago,True,SOURCE_SEED,,https://www.fiji-budget-vacations.com/provinces-of-fiji.html
Western,Ba,Vitogo,Namoli,BA,ba::vitogo,ba::vitogo::namoli,True,SOURCE_SEED,,https://www.fiji-budget-vacations.com/provinces-of-fiji.html
Western,Ba,Vitogo,Saru,BA,ba::vitogo,ba::vitogo::saru,True,SOURCE_SEED,,https://www.fiji-budget-vacations.com/provinces-of-fiji.html
Western,Ba,Vitogo,Vakabuli,BA,ba::vitogo,ba::vitogo::vakabuli,True,SOURCE_SEED,,https://www.fiji-budget-vacations.com/provinces-of-fiji.html
Western,Ba,Nacula,Nacula,BA,ba::nacula,ba::nacula::nacula,True,SOURCE_SEED,,https://www.fiji-budget-vacations.com/provinces-of-fiji.html
Western,Ba,Nacula,Malakati,BA,ba::nacula,ba::nacula::malakati,True,SOURCE_SEED,,https://www.fiji-budget-vacations.com/provinces-of-fiji.html
Western,Ba,Nacula,Matacawalevu,BA,ba::nacula,ba::nacula::matacawalevu,True,SOURCE_SEED,,https://www.fiji-budget-vacations.com/provinces-of-fiji.html
Western,Ba,Nacula,Vuaki,BA,ba::nacula,ba::nacula::vuaki,True,SOURCE_SEED,,https://www.fiji-budget-vacations.com/provinces-of-fiji.html
Western,Ba,Nacula,Navotua,BA,ba::nacula,ba::nacula::navotua,True,SOURCE_SEED,,https://www.fiji-budget-vacations.com/provinces-of-fiji.html
Western,Ba,Nacula,Naisilisili,BA,ba::nacula,ba::nacula::naisilisili,True,SOURCE_SEED,,https://www.fiji-budget-vacations.com/provinces-of-fiji.html
Western,Ba,Nacula,Namatayalevu,BA,ba::nacula,ba::nacula::namatayalevu,True,SOURCE_SEED,,https://www.fiji-budget-vacations.com/provinces-of-fiji.html
Western,Ba,Nacula,Yaqeta,BA,ba::nacula,ba::nacula::yaqeta,True,SOURCE_SEED,,https://www.fiji-budget-vacations.com/provinces-of-fiji.html
Western,Ba,Yasawa,Yasawa irara,BA,ba::yasawa,ba::yasawa::yasawa-irara,True,SOURCE_SEED,,https://www.fiji-budget-vacations.com/provinces-of-fiji.html
Western,Ba,Yasawa,Teci,BA,ba::yasawa,ba::yasawa::teci,True,SOURCE_SEED,,https://www.fiji-budget-vacations.com/provinces-of-fiji.html
Western,Ba,Yasawa,Daloma,BA,ba::yasawa,ba::yasawa::daloma,True,SOURCE_SEED,,https://www.fiji-budget-vacations.com/provinces-of-fiji.html
Western,Ba,Yasawa,Tamusua,BA,ba::yasawa,ba::yasawa::tamusua,True,SOURCE_SEED,,https://www.fiji-budget-vacations.com/provinces-of-fiji.html
Western,Ba,Yasawa,Bukama,BA,ba::yasawa,ba::yasawa::bukama,True,SOURCE_SEED,,https://www.fiji-budget-vacations.com/provinces-of-fiji.html
Western,Ba,Naviti,Soso,BA,ba::naviti,ba::naviti::soso,True,SOURCE_SEED,,https://www.fiji-budget-vacations.com/provinces-of-fiji.html
Western,Ba,Naviti,Marou,BA,ba::naviti,ba::naviti::marou,True,SOURCE_SEED,,https://www.fiji-budget-vacations.com/provinces-of-fiji.html
Western,Ba,Naviti,Kese,BA,ba::naviti,ba::naviti::kese,True,SOURCE_SEED,,https://www.fiji-budget-vacations.com/provinces-of-fiji.html
Western,Ba,Naviti,Gunu,BA,ba::naviti,ba::naviti::gunu,True,SOURCE_SEED,,https://www.fiji-budget-vacations.com/provinces-of-fiji.html
Western,Ba,Naviti,Somosomo,BA,ba::naviti,ba::naviti::somosomo,True,SOURCE_SEED,,https://www.fiji-budget-vacations.com/provinces-of-fiji.html
Western,Ba,Naviti,Muaira,BA,ba::naviti,ba::naviti::muaira,True,SOURCE_SEED,,https://www.fiji-budget-vacations.com/provinces-of-fiji.html
Western,Ba,Waya,Yalobi,BA,ba::waya,ba::waya::yalobi,True,SOURCE_SEED,,https://www.fiji-budget-vacations.com/provinces-of-fiji.html
Western,Ba,Waya,Natawa,BA,ba::waya,ba::waya::natawa,True,SOURCE_SEED,,https://www.fiji-budget-vacations.com/provinces-of-fiji.html
Western,Ba,Waya,Wayalevu,BA,ba::waya,ba::waya::wayalevu,True,SOURCE_SEED,,https://www.fiji-budget-vacations.com/provinces-of-fiji.html
Western,Ba,Waya,Nalauwaki,BA,ba::waya,ba::waya::nalauwaki,True,SOURCE_SEED,,https://www.fiji-budget-vacations.com/provinces-of-fiji.html
Western,Ba,Viwa,Natia,BA,ba::viwa,ba::viwa::natia,True,SOURCE_SEED,,https://www.fiji-budget-vacations.com/provinces-of-fiji.html
Western,Ba,Viwa,Naibalebale,BA,ba::viwa,ba::viwa::naibalebale,True,SOURCE_SEED,,https://www.fiji-budget-vacations.com/provinces-of-fiji.html
Western,Ba,Viwa,Yakani,BA,ba::viwa,ba::viwa::yakani,True,SOURCE_SEED,,https://www.fiji-budget-vacations.com/provinces-of-fiji.html
Western,Ba,Nawaka,Nawaka,BA,ba::nawaka,ba::nawaka::nawaka,True,SOURCE_SEED,,https://www.fiji-budget-vacations.com/provinces-of-fiji.html
Western,Ba,Nawaka,Namulomulo,BA,ba::nawaka,ba::nawaka::namulomulo,True,SOURCE_SEED,,https://www.fiji-budget-vacations.com/provinces-of-fiji.html
Western,Ba,Nawaka,Vatutu,BA,ba::nawaka,ba::nawaka::vatutu,True,SOURCE_SEED,,https://www.fiji-budget-vacations.com/provinces-of-fiji.html
Western,Ba,Nawaka,Evuna,BA,ba::nawaka,ba::nawaka::evuna,True,SOURCE_SEED,,https://www.fiji-budget-vacations.com/provinces-of-fiji.html
Western,Ba,Nawaka,Tubenasolo,BA,ba::nawaka,ba::nawaka::tubenasolo,True,SOURCE_SEED,,https://www.fiji-budget-vacations.com/provinces-of-fiji.html
Western,Ba,Vaturu,Nagado,BA,ba::vaturu,ba::vaturu::nagado,True,SOURCE_SEED,,https://www.fiji-budget-vacations.com/provinces-of-fiji.html
Western,Ba,Vaturu,Natawa,BA,ba::vaturu,ba::vaturu::natawa,True,SOURCE_SEED,,https://www.fiji-budget-vacations.com/provinces-of-fiji.html
Western,Ba,Rukuruku,Vunamoli,BA,ba::rukuruku,ba::rukuruku::vunamoli,True,SOURCE_SEED,,https://www.fiji-budget-vacations.com/provinces-of-fiji.html
Western,Ba,Rukuruku,Nawaqadamu,BA,ba::rukuruku,ba::rukuruku::nawaqadamu,True,SOURCE_SEED,,https://www.fiji-budget-vacations.com/provinces-of-fiji.html
Western,Ba,Rukuruku,Uto,BA,ba::rukuruku,ba::rukuruku::uto,True,SOURCE_SEED,,https://www.fiji-budget-vacations.com/provinces-of-fiji.html
Western,Ba,Rukuruku,Rararua,BA,ba::rukuruku,ba::rukuruku::rararua,True,SOURCE_SEED,,https://www.fiji-budget-vacations.com/provinces-of-fiji.html
Western,Ba,Rukuruku,Dreke,BA,ba::rukuruku,ba::rukuruku::dreke,True,SOURCE_SEED,,https://www.fiji-budget-vacations.com/provinces-of-fiji.html
Northern,Bua,Bua,Bua,BU,bua::bua,bua::bua::bua,True,SOURCE_SEED,,https://www.fiji-budget-vacations.com/provinces-of-fiji.html
Northern,Bua,Bua,Navunievu,BU,bua::bua,bua::bua::navunievu,True,SOURCE_SEED,,https://www.fiji-budget-vacations.com/provinces-of-fiji.html
Northern,Bua,Bua,Koroinasolo,BU,bua::bua,bua::bua::koroinasolo,True,SOURCE_SEED,,https://www.fiji-budget-vacations.com/provinces-of-fiji.html
Northern,Bua,Bua,Tiliva,BU,bua::bua,bua::bua::tiliva,True,SOURCE_SEED,,https://www.fiji-budget-vacations.com/provinces-of-fiji.html
Northern,Bua,Bua,Nawailevu,BU,bua::bua,bua::bua::nawailevu,True,SOURCE_SEED,,https://www.fiji-budget-vacations.com/provinces-of-fiji.html
Northern,Bua,Bua,Dalomo,BU,bua::bua,bua::bua::dalomo,True,SOURCE_SEED,,https://www.fiji-budget-vacations.com/provinces-of-fiji.html
Northern,Bua,Bua,Waitabu,BU,bua::bua,bua::bua::waitabu,True,SOURCE_SEED,,https://www.fiji-budget-vacations.com/provinces-of-fiji.html
Northern,Bua,Navakasiga,Naviqiri,BU,bua::navakasiga,bua::navakasiga::naviqiri,True,SOURCE_SEED,,https://www.fiji-budget-vacations.com/provinces-of-fiji.html
Northern,Bua,Navakasiga,Nasau,BU,bua::navakasiga,bua::navakasiga::nasau,True,SOURCE_SEED,,https://www.fiji-budget-vacations.com/provinces-of-fiji.html
Northern,Bua,Navakasiga,Naivaka,BU,bua::navakasiga,bua::navakasiga::naivaka,True,SOURCE_SEED,,https://www.fiji-budget-vacations.com/provinces-of-fiji.html
Northern,Bua,Lekutu,Votua,BU,bua::lekutu,bua::lekutu::votua,True,SOURCE_SEED,,https://www.fiji-budget-vacations.com/provinces-of-fiji.html
Northern,Bua,Lekutu,Namuavoivoi,BU,bua::lekutu,bua::lekutu::namuavoivoi,True,SOURCE_SEED,,https://www.fiji-budget-vacations.com/provinces-of-fiji.html
Northern,Bua,Lekutu,Banikea,BU,bua::lekutu,bua::lekutu::banikea,True,SOURCE_SEED,,https://www.fiji-budget-vacations.com/provinces-of-fiji.html
Northern,Bua,Lekutu,Kavula,BU,bua::lekutu,bua::lekutu::kavula,True,SOURCE_SEED,,https://www.fiji-budget-vacations.com/provinces-of-fiji.html
Northern,Bua,Lekutu,Tavea,BU,bua::lekutu,bua::lekutu::tavea,True,SOURCE_SEED,,https://www.fiji-budget-vacations.com/provinces-of-fiji.html
Northern,Bua,Lekutu,Galoa,BU,bua::lekutu,bua::lekutu::galoa,True,SOURCE_SEED,,https://www.fiji-budget-vacations.com/provinces-of-fiji.html
Northern,Bua,Lekutu,Nasarowaqa,BU,bua::lekutu,bua::lekutu::nasarowaqa,True,SOURCE_SEED,,https://www.fiji-budget-vacations.com/provinces-of-fiji.html
Northern,Bua,Lekutu,Yaqaga,BU,bua::lekutu,bua::lekutu::yaqaga,True,SOURCE_SEED,,https://www.fiji-budget-vacations.com/provinces-of-fiji.html
Northern,Bua,Wainunu,Daria,BU,bua::wainunu,bua::wainunu::daria,True,SOURCE_SEED,,https://www.fiji-budget-vacations.com/provinces-of-fiji.html
Northern,Bua,Wainunu,Nakorotiki,BU,bua::wainunu,bua::wainunu::nakorotiki,True,SOURCE_SEED,,https://www.fiji-budget-vacations.com/provinces-of-fiji.html
Northern,Bua,Wainunu,Nakawakawa,BU,bua::wainunu,bua::wainunu::nakawakawa,True,SOURCE_SEED,,https://www.fiji-budget-vacations.com/provinces-of-fiji.html
Northern,Bua,Wainunu,Cogea,BU,bua::wainunu,bua::wainunu::cogea,True,SOURCE_SEED,,https://www.fiji-budget-vacations.com/provinces-of-fiji.html
Northern,Bua,Wainunu,Navakasali,BU,bua::wainunu,bua::wainunu::navakasali,True,SOURCE_SEED,,https://www.fiji-budget-vacations.com/provinces-of-fiji.html
Northern,Bua,Wainunu,Nadua,BU,bua::wainunu,bua::wainunu::nadua,True,SOURCE_SEED,,https://www.fiji-budget-vacations.com/provinces-of-fiji.html
Northern,Bua,Wainunu,Saolo,BU,bua::wainunu,bua::wainunu::saolo,True,SOURCE_SEED,,https://www.fiji-budget-vacations.com/provinces-of-fiji.html
Northern,Bua,Solevu,Nawaido,BU,bua::solevu,bua::solevu::nawaido,True,SOURCE_SEED,,https://www.fiji-budget-vacations.com/provinces-of-fiji.html
Northern,Bua,Solevu,Makolei,BU,bua::solevu,bua::solevu::makolei,True,SOURCE_SEED,,https://www.fiji-budget-vacations.com/provinces-of-fiji.html
Northern,Bua,Solevu,Cavaga,BU,bua::solevu,bua::solevu::cavaga,True,SOURCE_SEED,,https://www.fiji-budget-vacations.com/provinces-of-fiji.html
Northern,Bua,Nadi,Nasavu,BU,bua::nadi,bua::nadi::nasavu,True,SOURCE_SEED,,https://www.fiji-budget-vacations.com/provinces-of-fiji.html
Northern,Bua,Nadi,Nasolo,BU,bua::nadi,bua::nadi::nasolo,True,SOURCE_SEED,,https://www.fiji-budget-vacations.com/provinces-of-fiji.html
Northern,Bua,Nadi,Nasawana,BU,bua::nadi,bua::nadi::nasawana,True,SOURCE_SEED,,https://www.fiji-budget-vacations.com/provinces-of-fiji.html
Northern,Bua,Nadi,Sawani,BU,bua::nadi,bua::nadi::sawani,True,SOURCE_SEED,,https://www.fiji-budget-vacations.com/provinces-of-fiji.html
Northern,Bua,Vuya,Navave,BU,bua::vuya,bua::vuya::navave,True,SOURCE_SEED,,https://www.fiji-budget-vacations.com/provinces-of-fiji.html
Northern,Bua,Vuya,Vuya,BU,bua::vuya,bua::vuya::vuya,True,SOURCE_SEED,,https://www.fiji-budget-vacations.com/provinces-of-fiji.html
Northern,Bua,Vuya,Nabouwalu,BU,bua::vuya,bua::vuya::nabouwalu,True,SOURCE_SEED,,https://www.fiji-budget-vacations.com/provinces-of-fiji.html
Northern,Bua,Vuya,Wairiki,BU,bua::vuya,bua::vuya::wairiki,True,SOURCE_SEED,,https://www.fiji-budget-vacations.com/provinces-of-fiji.html
Northern,Bua,Vuya,Yadua,BU,bua::vuya,bua::vuya::yadua,True,SOURCE_SEED,,https://www.fiji-budget-vacations.com/provinces-of-fiji.html
Northern,Bua,Dama,Dama,BU,bua::dama,bua::dama::dama,True,SOURCE_SEED,,https://www.fiji-budget-vacations.com/provinces-of-fiji.html
Northern,Bua,Dama,Nasau,BU,bua::dama,bua::dama::nasau,True,SOURCE_SEED,,https://www.fiji-budget-vacations.com/provinces-of-fiji.html
Northern,Bua,Dama,Nawaca,BU,bua::dama,bua::dama::nawaca,True,SOURCE_SEED,,https://www.fiji-budget-vacations.com/provinces-of-fiji.html
Northern,Bua,Dama,Tavulomo,BU,bua::dama,bua::dama::tavulomo,True,SOURCE_SEED,,https://www.fiji-budget-vacations.com/provinces-of-fiji.html
Northern,Bua,Dama,Naruwai,BU,bua::dama,bua::dama::naruwai,True,SOURCE_SEED,,https://www.fiji-budget-vacations.com/provinces-of-fiji.html
Northern,Bua,Dama,Nagadoa,BU,bua::dama,bua::dama::nagadoa,True,SOURCE_SEED,,https://www.fiji-budget-vacations.com/provinces-of-fiji.html
Northern,Bua,Dama,Driti,BU,bua::dama,bua::dama::driti,True,SOURCE_SEED,,https://www.fiji-budget-vacations.com/provinces-of-fiji.html
Northern,Bua,Kubulau,Kiobo,BU,bua::kubulau,bua::kubulau::kiobo,True,SOURCE_SEED,,https://www.fiji-budget-vacations.com/provinces-of-fiji.html
Northern,Bua,Kubulau,Namalata,BU,bua::kubulau,bua::kubulau::namalata,True,SOURCE_SEED,,https://www.fiji-budget-vacations.com/provinces-of-fiji.html
Northern,Bua,Kubulau,Raviravi,BU,bua::kubulau,bua::kubulau::raviravi,True,SOURCE_SEED,,https://www.fiji-budget-vacations.com/provinces-of-fiji.html
Northern,Bua,Kubulau,Navatu,BU,bua::kubulau,bua::kubulau::navatu,True,SOURCE_SEED,,https://www.fiji-budget-vacations.com/provinces-of-fiji.html
Northern,Bua,Kubulau,Waisa,BU,bua::kubulau,bua::kubulau::waisa,True,SOURCE_SEED,,https://www.fiji-budget-vacations.com/provinces-of-fiji.html
Northern,Bua,Kubulau,Nasasaivua,BU,bua::kubulau,bua::kubulau::nasasaivua,True,SOURCE_SEED,,https://www.fiji-budget-vacations.com/provinces-of-fiji.html
Northern,Bua,Kubulau,Natokalau,BU,bua::kubulau,bua::kubulau::natokalau,True,SOURCE_SEED,,https://www.fiji-budget-vacations.com/provinces-of-fiji.html
Northern,Bua,Kubulau,Nakorovou,BU,bua::kubulau,bua::kubulau::nakorovou,True,SOURCE_SEED,,https://www.fiji-budget-vacations.com/provinces-of-fiji.html
Northern,Bua,Kubulau,Nadivakarua,BU,bua::kubulau,bua::kubulau::nadivakarua,True,SOURCE_SEED,,https://www.fiji-budget-vacations.com/provinces-of-fiji.html
Northern,Bua,Kubulau,Kilaka,BU,bua::kubulau,bua::kubulau::kilaka,True,SOURCE_SEED,,https://www.fiji-budget-vacations.com/provinces-of-fiji.html
Northern,Cakaudrove,Cakaudrove,Somosomo,CA,cakaudrove::cakaudrove,cakaudrove::cakaudrove::somosomo,True,SOURCE_SEED,,https://www.fiji-budget-vacations.com/provinces-of-fiji.html
Northern,Cakaudrove,Cakaudrove,Loa,CA,cakaudrove::cakaudrove,cakaudrove::cakaudrove::loa,True,SOURCE_SEED,,https://www.fiji-budget-vacations.com/provinces-of-fiji.html
Northern,Cakaudrove,Cakaudrove,Lovonivonu,CA,cakaudrove::cakaudrove,cakaudrove::cakaudrove::lovonivonu,True,SOURCE_SEED,,https://www.fiji-budget-vacations.com/provinces-of-fiji.html
Northern,Cakaudrove,Cakaudrove,Nakobo,CA,cakaudrove::cakaudrove,cakaudrove::cakaudrove::nakobo,True,SOURCE_SEED,,https://www.fiji-budget-vacations.com/provinces-of-fiji.html
Northern,Cakaudrove,Cakaudrove,Nabagasau,CA,cakaudrove::cakaudrove,cakaudrove::cakaudrove::nabagasau,True,SOURCE_SEED,,https://www.fiji-budget-vacations.com/provinces-of-fiji.html
Northern,Cakaudrove,Cakaudrove,Nanuca,CA,cakaudrove::cakaudrove,cakaudrove::cakaudrove::nanuca,True,SOURCE_SEED,,https://www.fiji-budget-vacations.com/provinces-of-fiji.html
Northern,Cakaudrove,Cakaudrove,Nawi,CA,cakaudrove::cakaudrove,cakaudrove::cakaudrove::nawi,True,SOURCE_SEED,,https://www.fiji-budget-vacations.com/provinces-of-fiji.html
Northern,Cakaudrove,Cakaudrove,Dakuniba,CA,cakaudrove::cakaudrove,cakaudrove::cakaudrove::dakuniba,True,SOURCE_SEED,,https://www.fiji-budget-vacations.com/provinces-of-fiji.html
Northern,Cakaudrove,Cakaudrove,Tavuki,CA,cakaudrove::cakaudrove,cakaudrove::cakaudrove::tavuki,True,SOURCE_SEED,,https://www.fiji-budget-vacations.com/provinces-of-fiji.html
Northern,Cakaudrove,Cakaudrove,Welagi,CA,cakaudrove::cakaudrove,cakaudrove::cakaudrove::welagi,True,SOURCE_SEED,,https://www.fiji-budget-vacations.com/provinces-of-fiji.html
Northern,Cakaudrove,Cakaudrove,Yacata,CA,cakaudrove::cakaudrove,cakaudrove::cakaudrove::yacata,True,SOURCE_SEED,,https://www.fiji-budget-vacations.com/provinces-of-fiji.html
Northern,Cakaudrove,Vuna,Kanacea,CA,cakaudrove::vuna,cakaudrove::vuna::kanacea,True,SOURCE_SEED,,https://www.fiji-budget-vacations.com/provinces-of-fiji.html
Northern,Cakaudrove,Vuna,Nakorovou,CA,cakaudrove::vuna,cakaudrove::vuna::nakorovou,True,SOURCE_SEED,,https://www.fiji-budget-vacations.com/provinces-of-fiji.html
Northern,Cakaudrove,Vuna,Navakawau,CA,cakaudrove::vuna,cakaudrove::vuna::navakawau,True,SOURCE_SEED,,https://www.fiji-budget-vacations.com/provinces-of-fiji.html
Northern,Cakaudrove,Laucala,Dreketi,CA,cakaudrove::laucala,cakaudrove::laucala::dreketi,True,SOURCE_SEED,,https://www.fiji-budget-vacations.com/provinces-of-fiji.html
Northern,Cakaudrove,Laucala,Kocoma,CA,cakaudrove::laucala,cakaudrove::laucala::kocoma,True,SOURCE_SEED,,https://www.fiji-budget-vacations.com/provinces-of-fiji.html
Northern,Cakaudrove,Laucala,Naqelelevu,CA,cakaudrove::laucala,cakaudrove::laucala::naqelelevu,True,SOURCE_SEED,,https://www.fiji-budget-vacations.com/provinces-of-fiji.html
Northern,Cakaudrove,Laucala,Toga,CA,cakaudrove::laucala,cakaudrove::laucala::toga,True,SOURCE_SEED,,https://www.fiji-budget-vacations.com/provinces-of-fiji.html
Northern,Cakaudrove,Laucala,Yanuca,CA,cakaudrove::laucala,cakaudrove::laucala::yanuca,True,SOURCE_SEED,,https://www.fiji-budget-vacations.com/provinces-of-fiji.html
Northern,Cakaudrove,Wainikeli,Naselesele,CA,cakaudrove::wainikeli,cakaudrove::wainikeli::naselesele,True,SOURCE_SEED,,https://www.fiji-budget-vacations.com/provinces-of-fiji.html
Northern,Cakaudrove,Wainikeli,Lavena,CA,cakaudrove::wainikeli,cakaudrove::wainikeli::lavena,True,SOURCE_SEED,,https://www.fiji-budget-vacations.com/provinces-of-fiji.html
Northern,Cakaudrove,Wainikeli,Korovou,CA,cakaudrove::wainikeli,cakaudrove::wainikeli::korovou,True,SOURCE_SEED,,https://www.fiji-budget-vacations.com/provinces-of-fiji.html
Northern,Cakaudrove,Wainikeli,Naiviivi,CA,cakaudrove::wainikeli,cakaudrove::wainikeli::naiviivi,True,SOURCE_SEED,,https://www.fiji-budget-vacations.com/provinces-of-fiji.html
Northern,Cakaudrove,Wainikeli,Nadilo,CA,cakaudrove::wainikeli,cakaudrove::wainikeli::nadilo,True,SOURCE_SEED,,https://www.fiji-budget-vacations.com/provinces-of-fiji.html
Northern,Cakaudrove,Wainikeli,Qeleni,CA,cakaudrove::wainikeli,cakaudrove::wainikeli::qeleni,True,SOURCE_SEED,,https://www.fiji-budget-vacations.com/provinces-of-fiji.html
Northern,Cakaudrove,Wainikeli,Vidawa,CA,cakaudrove::wainikeli,cakaudrove::wainikeli::vidawa,True,SOURCE_SEED,,https://www.fiji-budget-vacations.com/provinces-of-fiji.html
Northern,Cakaudrove,Wainikeli,Waitabu,CA,cakaudrove::wainikeli,cakaudrove::wainikeli::waitabu,True,SOURCE_SEED,,https://www.fiji-budget-vacations.com/provinces-of-fiji.html
Northern,Cakaudrove,Wainikeli,Yanuca,CA,cakaudrove::wainikeli,cakaudrove::wainikeli::yanuca,True,SOURCE_SEED,,https://www.fiji-budget-vacations.com/provinces-of-fiji.html
Northern,Cakaudrove,Tunuloa,Kanakana,CA,cakaudrove::tunuloa,cakaudrove::tunuloa::kanakana,True,SOURCE_SEED,,https://www.fiji-budget-vacations.com/provinces-of-fiji.html
Northern,Cakaudrove,Tunuloa,Karoko,CA,cakaudrove::tunuloa,cakaudrove::tunuloa::karoko,True,SOURCE_SEED,,https://www.fiji-budget-vacations.com/provinces-of-fiji.html
Northern,Cakaudrove,Tunuloa,Koroivonu,CA,cakaudrove::tunuloa,cakaudrove::tunuloa::koroivonu,True,SOURCE_SEED,,https://www.fiji-budget-vacations.com/provinces-of-fiji.html
Northern,Cakaudrove,Tunuloa,Muana,CA,cakaudrove::tunuloa,cakaudrove::tunuloa::muana,True,SOURCE_SEED,,https://www.fiji-budget-vacations.com/provinces-of-fiji.html
Northern,Cakaudrove,Tunuloa,Naqaravatu,CA,cakaudrove::tunuloa,cakaudrove::tunuloa::naqaravatu,True,SOURCE_SEED,,https://www.fiji-budget-vacations.com/provinces-of-fiji.html
Northern,Cakaudrove,Tunuloa,Navetau,CA,cakaudrove::tunuloa,cakaudrove::tunuloa::navetau,True,SOURCE_SEED,,https://www.fiji-budget-vacations.com/provinces-of-fiji.html
Northern,Cakaudrove,Tunuloa,Salia,CA,cakaudrove::tunuloa,cakaudrove::tunuloa::salia,True,SOURCE_SEED,,https://www.fiji-budget-vacations.com/provinces-of-fiji.html
Northern,Cakaudrove,Tunuloa,Wailevu,CA,cakaudrove::tunuloa,cakaudrove::tunuloa::wailevu,True,SOURCE_SEED,,https://www.fiji-budget-vacations.com/provinces-of-fiji.html
Northern,Cakaudrove,Tunuloa,Nailou,CA,cakaudrove::tunuloa,cakaudrove::tunuloa::nailou,True,SOURCE_SEED,,https://www.fiji-budget-vacations.com/provinces-of-fiji.html
Northern,Cakaudrove,Natewa,Natewa,CA,cakaudrove::natewa,cakaudrove::natewa::natewa,True,SOURCE_SEED,,https://www.fiji-budget-vacations.com/provinces-of-fiji.html
Northern,Cakaudrove,Natewa,Buca,CA,cakaudrove::natewa,cakaudrove::natewa::buca,True,SOURCE_SEED,,https://www.fiji-budget-vacations.com/provinces-of-fiji.html
Northern,Cakaudrove,Natewa,Dawa,CA,cakaudrove::natewa,cakaudrove::natewa::dawa,True,SOURCE_SEED,,https://www.fiji-budget-vacations.com/provinces-of-fiji.html
Northern,Cakaudrove,Natewa,Tukavesi,CA,cakaudrove::natewa,cakaudrove::natewa::tukavesi,True,SOURCE_SEED,,https://www.fiji-budget-vacations.com/provinces-of-fiji.html
Northern,Cakaudrove,Natewa,Vusaratu,CA,cakaudrove::natewa,cakaudrove::natewa::vusaratu,True,SOURCE_SEED,,https://www.fiji-budget-vacations.com/provinces-of-fiji.html
Northern,Cakaudrove,Natewa,Vusasivo,CA,cakaudrove::natewa,cakaudrove::natewa::vusasivo,True,SOURCE_SEED,,https://www.fiji-budget-vacations.com/provinces-of-fiji.html
Northern,Cakaudrove,Natewa,Nadavaci,CA,cakaudrove::natewa,cakaudrove::natewa::nadavaci,True,SOURCE_SEED,,https://www.fiji-budget-vacations.com/provinces-of-fiji.html
Northern,Cakaudrove,Savusavu,Yaroi,CA,cakaudrove::savusavu,cakaudrove::savusavu::yaroi,True,SOURCE_SEED,,https://www.fiji-budget-vacations.com/provinces-of-fiji.html
Northern,Cakaudrove,Savusavu,Naidi,CA,cakaudrove::savusavu,cakaudrove::savusavu::naidi,True,SOURCE_SEED,,https://www.fiji-budget-vacations.com/provinces-of-fiji.html
Northern,Cakaudrove,Savusavu,Nagigi,CA,cakaudrove::savusavu,cakaudrove::savusavu::nagigi,True,SOURCE_SEED,,https://www.fiji-budget-vacations.com/provinces-of-fiji.html
Northern,Cakaudrove,Savusavu,Nacavanadi,CA,cakaudrove::savusavu,cakaudrove::savusavu::nacavanadi,True,SOURCE_SEED,,https://www.fiji-budget-vacations.com/provinces-of-fiji.html
Northern,Cakaudrove,Savusavu,Nacekoro,CA,cakaudrove::savusavu,cakaudrove::savusavu::nacekoro,True,SOURCE_SEED,,https://www.fiji-budget-vacations.com/provinces-of-fiji.html
Northern,Cakaudrove,Savusavu,Nukubalavu,CA,cakaudrove::savusavu,cakaudrove::savusavu::nukubalavu,True,SOURCE_SEED,,https://www.fiji-budget-vacations.com/provinces-of-fiji.html
Northern,Cakaudrove,Savusavu,Savudrodro,CA,cakaudrove::savusavu,cakaudrove::savusavu::savudrodro,True,SOURCE_SEED,,https://www.fiji-budget-vacations.com/provinces-of-fiji.html
Northern,Cakaudrove,Savusavu,Vivili,CA,cakaudrove::savusavu,cakaudrove::savusavu::vivili,True,SOURCE_SEED,,https://www.fiji-budget-vacations.com/provinces-of-fiji.html
Northern,Cakaudrove,Savusavu,Waivunia,CA,cakaudrove::savusavu,cakaudrove::savusavu::waivunia,True,SOURCE_SEED,,https://www.fiji-budget-vacations.com/provinces-of-fiji.html
Northern,Cakaudrove,Naweni,Tacilevu,CA,cakaudrove::naweni,cakaudrove::naweni::tacilevu,True,SOURCE_SEED,,https://www.fiji-budget-vacations.com/provinces-of-fiji.html
Northern,Cakaudrove,Naweni,Naweni,CA,cakaudrove::naweni,cakaudrove::naweni::naweni,True,SOURCE_SEED,,https://www.fiji-budget-vacations.com/provinces-of-fiji.html
Northern,Cakaudrove,Naweni,Dromuninuku,CA,cakaudrove::naweni,cakaudrove::naweni::dromuninuku,True,SOURCE_SEED,,https://www.fiji-budget-vacations.com/provinces-of-fiji.html
Northern,Cakaudrove,Navatu,Drekeniwai,CA,cakaudrove::navatu,cakaudrove::navatu::drekeniwai,True,SOURCE_SEED,,https://www.fiji-budget-vacations.com/provinces-of-fiji.html
Northern,Cakaudrove,Navatu,Korolevu,CA,cakaudrove::navatu,cakaudrove::navatu::korolevu,True,SOURCE_SEED,,https://www.fiji-budget-vacations.com/provinces-of-fiji.html
Northern,Cakaudrove,Navatu,Koronatoga,CA,cakaudrove::navatu,cakaudrove::navatu::koronatoga,True,SOURCE_SEED,,https://www.fiji-budget-vacations.com/provinces-of-fiji.html
Northern,Cakaudrove,Navatu,Korosi,CA,cakaudrove::navatu,cakaudrove::navatu::korosi,True,SOURCE_SEED,,https://www.fiji-budget-vacations.com/provinces-of-fiji.html
Northern,Cakaudrove,Navatu,Nasinu,CA,cakaudrove::navatu,cakaudrove::navatu::nasinu,True,SOURCE_SEED,,https://www.fiji-budget-vacations.com/provinces-of-fiji.html
Northern,Cakaudrove,Navatu,Navakaka,CA,cakaudrove::navatu,cakaudrove::navatu::navakaka,True,SOURCE_SEED,,https://www.fiji-budget-vacations.com/provinces-of-fiji.html
Northern,Cakaudrove,Navatu,Viani,CA,cakaudrove::navatu,cakaudrove::navatu::viani,True,SOURCE_SEED,,https://www.fiji-budget-vacations.com/provinces-of-fiji.html
Northern,Cakaudrove,Navatu,Taboa,CA,cakaudrove::navatu,cakaudrove::navatu::taboa,True,SOURCE_SEED,,https://www.fiji-budget-vacations.com/provinces-of-fiji.html
Northern,Cakaudrove,Navatu,Leia,CA,cakaudrove::navatu,cakaudrove::navatu::leia,True,SOURCE_SEED,,https://www.fiji-budget-vacations.com/provinces-of-fiji.html
Northern,Cakaudrove,Vaturova,Korotasere,CA,cakaudrove::vaturova,cakaudrove::vaturova::korotasere,True,REVIEW,Source lists Korotasere twice in Vaturova; exact duplicate is deduplicated in this import-ready dataset.,https://www.fiji-budget-vacations.com/provinces-of-fiji.html
Northern,Cakaudrove,Vaturova,Lekutulevu,CA,cakaudrove::vaturova,cakaudrove::vaturova::lekutulevu,True,SOURCE_SEED,,https://www.fiji-budget-vacations.com/provinces-of-fiji.html
Northern,Cakaudrove,Vaturova,Nakuku,CA,cakaudrove::vaturova,cakaudrove::vaturova::nakuku,True,SOURCE_SEED,,https://www.fiji-budget-vacations.com/provinces-of-fiji.html
Northern,Cakaudrove,Vaturova,Nayarabale,CA,cakaudrove::vaturova,cakaudrove::vaturova::nayarabale,True,SOURCE_SEED,,https://www.fiji-budget-vacations.com/provinces-of-fiji.html
Northern,Cakaudrove,Vaturova,Domokavu,CA,cakaudrove::vaturova,cakaudrove::vaturova::domokavu,True,SOURCE_SEED,,https://www.fiji-budget-vacations.com/provinces-of-fiji.html
Northern,Cakaudrove,Vaturova,Seyavaci,CA,cakaudrove::vaturova,cakaudrove::vaturova::seyavaci,True,SOURCE_SEED,,https://www.fiji-budget-vacations.com/provinces-of-fiji.html
Northern,Cakaudrove,Vaturova,Vanuavou,CA,cakaudrove::vaturova,cakaudrove::vaturova::vanuavou,True,SOURCE_SEED,,https://www.fiji-budget-vacations.com/provinces-of-fiji.html
Northern,Cakaudrove,Vaturova,Vaturamulo,CA,cakaudrove::vaturova,cakaudrove::vaturova::vaturamulo,True,SOURCE_SEED,,https://www.fiji-budget-vacations.com/provinces-of-fiji.html
Northern,Cakaudrove,Vaturova,Wavu,CA,cakaudrove::vaturova,cakaudrove::vaturova::wavu,True,SOURCE_SEED,,https://www.fiji-budget-vacations.com/provinces-of-fiji.html
Northern,Cakaudrove,Vaturova,Nakarobo,CA,cakaudrove::vaturova,cakaudrove::vaturova::nakarobo,True,SOURCE_SEED,,https://www.fiji-budget-vacations.com/provinces-of-fiji.html
Northern,Cakaudrove,Vaturova,Vatukuca,CA,cakaudrove::vaturova,cakaudrove::vaturova::vatukuca,True,SOURCE_SEED,,https://www.fiji-budget-vacations.com/provinces-of-fiji.html
Northern,Cakaudrove,Vaturova,Culuga,CA,cakaudrove::vaturova,cakaudrove::vaturova::culuga,True,SOURCE_SEED,,https://www.fiji-budget-vacations.com/provinces-of-fiji.html
Northern,Cakaudrove,Koroalau,Vuinadi,CA,cakaudrove::koroalau,cakaudrove::koroalau::vuinadi,True,SOURCE_SEED,,https://www.fiji-budget-vacations.com/provinces-of-fiji.html
Northern,Cakaudrove,Koroalau,Bucalevu,CA,cakaudrove::koroalau,cakaudrove::koroalau::bucalevu,True,SOURCE_SEED,,https://www.fiji-budget-vacations.com/provinces-of-fiji.html
Northern,Cakaudrove,Koroalau,Nakawaga,CA,cakaudrove::koroalau,cakaudrove::koroalau::nakawaga,True,SOURCE_SEED,,https://www.fiji-budget-vacations.com/provinces-of-fiji.html
Northern,Cakaudrove,Koroalau,Nabua,CA,cakaudrove::koroalau,cakaudrove::koroalau::nabua,True,SOURCE_SEED,,https://www.fiji-budget-vacations.com/provinces-of-fiji.html
Northern,Cakaudrove,Koroalau,Nukubolu,CA,cakaudrove::koroalau,cakaudrove::koroalau::nukubolu,True,SOURCE_SEED,,https://www.fiji-budget-vacations.com/provinces-of-fiji.html
Northern,Cakaudrove,Koroalau,Vunidogoloa,CA,cakaudrove::koroalau,cakaudrove::koroalau::vunidogoloa,True,SOURCE_SEED,,https://www.fiji-budget-vacations.com/provinces-of-fiji.html
Northern,Cakaudrove,Wairiki,Saweni,CA,cakaudrove::wairiki,cakaudrove::wairiki::saweni,True,SOURCE_SEED,,https://www.fiji-budget-vacations.com/provinces-of-fiji.html
Northern,Cakaudrove,Wairiki,Navakuru,CA,cakaudrove::wairiki,cakaudrove::wairiki::navakuru,True,SOURCE_SEED,,https://www.fiji-budget-vacations.com/provinces-of-fiji.html
Northern,Cakaudrove,Wairiki,Satulaki,CA,cakaudrove::wairiki,cakaudrove::wairiki::satulaki,True,SOURCE_SEED,,https://www.fiji-budget-vacations.com/provinces-of-fiji.html
Northern,Cakaudrove,Wairiki,Matalolo,CA,cakaudrove::wairiki,cakaudrove::wairiki::matalolo,True,SOURCE_SEED,,https://www.fiji-budget-vacations.com/provinces-of-fiji.html
Northern,Cakaudrove,Saqani,Saqani,CA,cakaudrove::saqani,cakaudrove::saqani::saqani,True,SOURCE_SEED,,https://www.fiji-budget-vacations.com/provinces-of-fiji.html
Northern,Cakaudrove,Saqani,Lakeba,CA,cakaudrove::saqani,cakaudrove::saqani::lakeba,True,SOURCE_SEED,,https://www.fiji-budget-vacations.com/provinces-of-fiji.html
Northern,Cakaudrove,Saqani,Malake,CA,cakaudrove::saqani,cakaudrove::saqani::malake,True,SOURCE_SEED,,https://www.fiji-budget-vacations.com/provinces-of-fiji.html
Northern,Cakaudrove,Saqani,Biaugunu,CA,cakaudrove::saqani,cakaudrove::saqani::biaugunu,True,SOURCE_SEED,,https://www.fiji-budget-vacations.com/provinces-of-fiji.html
Northern,Cakaudrove,Saqani,Naboutini,CA,cakaudrove::saqani,cakaudrove::saqani::naboutini,True,SOURCE_SEED,,https://www.fiji-budget-vacations.com/provinces-of-fiji.html
Northern,Cakaudrove,Saqani,Nadogo,CA,cakaudrove::saqani,cakaudrove::saqani::nadogo,True,SOURCE_SEED,,https://www.fiji-budget-vacations.com/provinces-of-fiji.html
Northern,Cakaudrove,Saqani,Nacula,CA,cakaudrove::saqani,cakaudrove::saqani::nacula,True,SOURCE_SEED,,https://www.fiji-budget-vacations.com/provinces-of-fiji.html
Northern,Cakaudrove,Saqani,Natuvu,CA,cakaudrove::saqani,cakaudrove::saqani::natuvu,True,SOURCE_SEED,,https://www.fiji-budget-vacations.com/provinces-of-fiji.html
Northern,Cakaudrove,Saqani,Navetau,CA,cakaudrove::saqani,cakaudrove::saqani::navetau,True,SOURCE_SEED,,https://www.fiji-budget-vacations.com/provinces-of-fiji.html
Northern,Cakaudrove,Saqani,Sese,CA,cakaudrove::saqani,cakaudrove::saqani::sese,True,SOURCE_SEED,,https://www.fiji-budget-vacations.com/provinces-of-fiji.html
Northern,Cakaudrove,Saqani,Volivoli,CA,cakaudrove::saqani,cakaudrove::saqani::volivoli,True,SOURCE_SEED,,https://www.fiji-budget-vacations.com/provinces-of-fiji.html
Northern,Cakaudrove,Saqani,Vuniwai,CA,cakaudrove::saqani,cakaudrove::saqani::vuniwai,True,SOURCE_SEED,,https://www.fiji-budget-vacations.com/provinces-of-fiji.html
Northern,Cakaudrove,Saqani,Cuku,CA,cakaudrove::saqani,cakaudrove::saqani::cuku,True,SOURCE_SEED,,https://www.fiji-budget-vacations.com/provinces-of-fiji.html
Northern,Cakaudrove,Saqani,Vela,CA,cakaudrove::saqani,cakaudrove::saqani::vela,True,SOURCE_SEED,,https://www.fiji-budget-vacations.com/provinces-of-fiji.html
Northern,Cakaudrove,Saqani,Vanuami,CA,cakaudrove::saqani,cakaudrove::saqani::vanuami,True,SOURCE_SEED,,https://www.fiji-budget-vacations.com/provinces-of-fiji.html
Northern,Cakaudrove,Saqani,Waivula,CA,cakaudrove::saqani,cakaudrove::saqani::waivula,True,SOURCE_SEED,,https://www.fiji-budget-vacations.com/provinces-of-fiji.html
Northern,Cakaudrove,Saqani,Naiyalayala,CA,cakaudrove::saqani,cakaudrove::saqani::naiyalayala,True,SOURCE_SEED,,https://www.fiji-budget-vacations.com/provinces-of-fiji.html
Northern,Cakaudrove,Tawake,Tawake,CA,cakaudrove::tawake,cakaudrove::tawake::tawake,True,SOURCE_SEED,,https://www.fiji-budget-vacations.com/provinces-of-fiji.html
Northern,Cakaudrove,Tawake,Nagasauva,CA,cakaudrove::tawake,cakaudrove::tawake::nagasauva,True,SOURCE_SEED,,https://www.fiji-budget-vacations.com/provinces-of-fiji.html
Northern,Cakaudrove,Tawake,Vatu,CA,cakaudrove::tawake,cakaudrove::tawake::vatu,True,SOURCE_SEED,,https://www.fiji-budget-vacations.com/provinces-of-fiji.html
Northern,Cakaudrove,Tawake,Wainigadru,CA,cakaudrove::tawake,cakaudrove::tawake::wainigadru,True,SOURCE_SEED,,https://www.fiji-budget-vacations.com/provinces-of-fiji.html
Northern,Cakaudrove,Tawake,Wainiika,CA,cakaudrove::tawake,cakaudrove::tawake::wainiika,True,SOURCE_SEED,,https://www.fiji-budget-vacations.com/provinces-of-fiji.html
Northern,Cakaudrove,Tawake,Yasawa,CA,cakaudrove::tawake,cakaudrove::tawake::yasawa,True,SOURCE_SEED,,https://www.fiji-budget-vacations.com/provinces-of-fiji.html
Northern,Cakaudrove,Wailevu West,Valeni,CA,cakaudrove::wailevu-west,cakaudrove::wailevu-west::valeni,True,SOURCE_SEED,,https://www.fiji-budget-vacations.com/provinces-of-fiji.html
Northern,Cakaudrove,Wailevu West,Batiri,CA,cakaudrove::wailevu-west,cakaudrove::wailevu-west::batiri,True,SOURCE_SEED,,https://www.fiji-budget-vacations.com/provinces-of-fiji.html
Northern,Cakaudrove,Wailevu West,Nayarailagi,CA,cakaudrove::wailevu-west,cakaudrove::wailevu-west::nayarailagi,True,SOURCE_SEED,,https://www.fiji-budget-vacations.com/provinces-of-fiji.html
Northern,Cakaudrove,Wailevu West,Naiqaqi,CA,cakaudrove::wailevu-west,cakaudrove::wailevu-west::naiqaqi,True,SOURCE_SEED,,https://www.fiji-budget-vacations.com/provinces-of-fiji.html
Northern,Cakaudrove,Wailevu West,Vatuonu,CA,cakaudrove::wailevu-west,cakaudrove::wailevu-west::vatuonu,True,SOURCE_SEED,,https://www.fiji-budget-vacations.com/provinces-of-fiji.html
Northern,Cakaudrove,Wailevu West,Dawara,CA,cakaudrove::wailevu-west,cakaudrove::wailevu-west::dawara,True,SOURCE_SEED,,https://www.fiji-budget-vacations.com/provinces-of-fiji.html
Northern,Cakaudrove,Wailevu West,Vunidawamou,CA,cakaudrove::wailevu-west,cakaudrove::wailevu-west::vunidawamou,True,SOURCE_SEED,,https://www.fiji-budget-vacations.com/provinces-of-fiji.html
Northern,Cakaudrove,Wailevu West,Natuvu,CA,cakaudrove::wailevu-west,cakaudrove::wailevu-west::natuvu,True,SOURCE_SEED,,https://www.fiji-budget-vacations.com/provinces-of-fiji.html
Northern,Cakaudrove,Wailevu West,Laucala,CA,cakaudrove::wailevu-west,cakaudrove::wailevu-west::laucala,True,SOURCE_SEED,,https://www.fiji-budget-vacations.com/provinces-of-fiji.html
Northern,Cakaudrove,Wailevu East,Wailevu,CA,cakaudrove::wailevu-east,cakaudrove::wailevu-east::wailevu,True,SOURCE_SEED,,https://www.fiji-budget-vacations.com/provinces-of-fiji.html
Northern,Cakaudrove,Wailevu East,Vakativa,CA,cakaudrove::wailevu-east,cakaudrove::wailevu-east::vakativa,True,SOURCE_SEED,,https://www.fiji-budget-vacations.com/provinces-of-fiji.html
Northern,Cakaudrove,Wailevu East,Waisali,CA,cakaudrove::wailevu-east,cakaudrove::wailevu-east::waisali,True,SOURCE_SEED,,https://www.fiji-budget-vacations.com/provinces-of-fiji.html
Northern,Cakaudrove,Wailevu East,Buca,CA,cakaudrove::wailevu-east,cakaudrove::wailevu-east::buca,True,SOURCE_SEED,,https://www.fiji-budget-vacations.com/provinces-of-fiji.html
Northern,Cakaudrove,Wailevu East,Nasawana,CA,cakaudrove::wailevu-east,cakaudrove::wailevu-east::nasawana,True,SOURCE_SEED,,https://www.fiji-budget-vacations.com/provinces-of-fiji.html
Northern,Cakaudrove,Wailevu East,Nakasa,CA,cakaudrove::wailevu-east,cakaudrove::wailevu-east::nakasa,True,SOURCE_SEED,,https://www.fiji-budget-vacations.com/provinces-of-fiji.html
Northern,Cakaudrove,Wailevu East,Natua,CA,cakaudrove::wailevu-east,cakaudrove::wailevu-east::natua,True,SOURCE_SEED,,https://www.fiji-budget-vacations.com/provinces-of-fiji.html
Northern,Cakaudrove,Wailevu East,Vunivesi,CA,cakaudrove::wailevu-east,cakaudrove::wailevu-east::vunivesi,True,SOURCE_SEED,,https://www.fiji-budget-vacations.com/provinces-of-fiji.html
Northern,Cakaudrove,Wailevu East,Navatukawa,CA,cakaudrove::wailevu-east,cakaudrove::wailevu-east::navatukawa,True,SOURCE_SEED,,https://www.fiji-budget-vacations.com/provinces-of-fiji.html
Northern,Cakaudrove,Wailevu East,Vuadomo,CA,cakaudrove::wailevu-east,cakaudrove::wailevu-east::vuadomo,True,SOURCE_SEED,,https://www.fiji-budget-vacations.com/provinces-of-fiji.html
Northern,Cakaudrove,Wailevu East,Urata,CA,cakaudrove::wailevu-east,cakaudrove::wailevu-east::urata,True,SOURCE_SEED,,https://www.fiji-budget-vacations.com/provinces-of-fiji.html
Northern,Cakaudrove,Wailevu East,Nabaci,CA,cakaudrove::wailevu-east,cakaudrove::wailevu-east::nabaci,True,SOURCE_SEED,,https://www.fiji-budget-vacations.com/provinces-of-fiji.html
Eastern,Kadavu,Tavuki,Tavuki,KA,kadavu::tavuki,kadavu::tavuki::tavuki,True,SOURCE_SEED,,https://www.fiji-budget-vacations.com/provinces-of-fiji.html
Eastern,Kadavu,Tavuki,Baidamudamu,KA,kadavu::tavuki,kadavu::tavuki::baidamudamu,True,SOURCE_SEED,,https://www.fiji-budget-vacations.com/provinces-of-fiji.html
Eastern,Kadavu,Tavuki,Nukunuku,KA,kadavu::tavuki,kadavu::tavuki::nukunuku,True,SOURCE_SEED,,https://www.fiji-budget-vacations.com/provinces-of-fiji.html
Eastern,Kadavu,Tavuki,Nagonedau,KA,kadavu::tavuki,kadavu::tavuki::nagonedau,True,SOURCE_SEED,,https://www.fiji-budget-vacations.com/provinces-of-fiji.html
Eastern,Kadavu,Tavuki,Solodamu,KA,kadavu::tavuki,kadavu::tavuki::solodamu,True,SOURCE_SEED,,https://www.fiji-budget-vacations.com/provinces-of-fiji.html
Eastern,Kadavu,Tavuki,Natumua,KA,kadavu::tavuki,kadavu::tavuki::natumua,True,SOURCE_SEED,,https://www.fiji-budget-vacations.com/provinces-of-fiji.html
Eastern,Kadavu,Tavuki,Waisomo,KA,kadavu::tavuki,kadavu::tavuki::waisomo,True,SOURCE_SEED,,https://www.fiji-budget-vacations.com/provinces-of-fiji.html
Eastern,Kadavu,Tavuki,Namuana,KA,kadavu::tavuki,kadavu::tavuki::namuana,True,SOURCE_SEED,,https://www.fiji-budget-vacations.com/provinces-of-fiji.html
Eastern,Kadavu,Tavuki,Namalata,KA,kadavu::tavuki,kadavu::tavuki::namalata,True,SOURCE_SEED,,https://www.fiji-budget-vacations.com/provinces-of-fiji.html
Eastern,Kadavu,Tavuki,Galoa,KA,kadavu::tavuki,kadavu::tavuki::galoa,True,SOURCE_SEED,,https://www.fiji-budget-vacations.com/provinces-of-fiji.html
Eastern,Kadavu,Tavuki,Cevai,KA,kadavu::tavuki,kadavu::tavuki::cevai,True,SOURCE_SEED,,https://www.fiji-budget-vacations.com/provinces-of-fiji.html
Eastern,Kadavu,Ravitaki,Wailevu,KA,kadavu::ravitaki,kadavu::ravitaki::wailevu,True,SOURCE_SEED,,https://www.fiji-budget-vacations.com/provinces-of-fiji.html
Eastern,Kadavu,Ravitaki,Mokoisa,KA,kadavu::ravitaki,kadavu::ravitaki::mokoisa,True,SOURCE_SEED,,https://www.fiji-budget-vacations.com/provinces-of-fiji.html
Eastern,Kadavu,Ravitaki,Muani,KA,kadavu::ravitaki,kadavu::ravitaki::muani,True,SOURCE_SEED,,https://www.fiji-budget-vacations.com/provinces-of-fiji.html
Eastern,Kadavu,Ravitaki,Ravitaki,KA,kadavu::ravitaki,kadavu::ravitaki::ravitaki,True,SOURCE_SEED,,https://www.fiji-budget-vacations.com/provinces-of-fiji.html
Eastern,Kadavu,Ravitaki,Solovola,KA,kadavu::ravitaki,kadavu::ravitaki::solovola,True,SOURCE_SEED,,https://www.fiji-budget-vacations.com/provinces-of-fiji.html
Eastern,Kadavu,Ravitaki,Matanuku,KA,kadavu::ravitaki,kadavu::ravitaki::matanuku,True,SOURCE_SEED,,https://www.fiji-budget-vacations.com/provinces-of-fiji.html
Eastern,Kadavu,Ravitaki,Nasegai,KA,kadavu::ravitaki,kadavu::ravitaki::nasegai,True,SOURCE_SEED,,https://www.fiji-budget-vacations.com/provinces-of-fiji.html
Eastern,Kadavu,Sanima,Drue,KA,kadavu::sanima,kadavu::sanima::drue,True,SOURCE_SEED,,https://www.fiji-budget-vacations.com/provinces-of-fiji.html
Eastern,Kadavu,Sanima,Navuatu,KA,kadavu::sanima,kadavu::sanima::navuatu,True,SOURCE_SEED,,https://www.fiji-budget-vacations.com/provinces-of-fiji.html
Eastern,Kadavu,Sanima,Naikorokoro,KA,kadavu::sanima,kadavu::sanima::naikorokoro,True,SOURCE_SEED,,https://www.fiji-budget-vacations.com/provinces-of-fiji.html
Eastern,Kadavu,Sanima,Namara,KA,kadavu::sanima,kadavu::sanima::namara,True,SOURCE_SEED,,https://www.fiji-budget-vacations.com/provinces-of-fiji.html
Eastern,Kadavu,Sanima,Mataso,KA,kadavu::sanima,kadavu::sanima::mataso,True,SOURCE_SEED,,https://www.fiji-budget-vacations.com/provinces-of-fiji.html
Eastern,Kadavu,Nabukelevu,Daviqele,KA,kadavu::nabukelevu,kadavu::nabukelevu::daviqele,True,SOURCE_SEED,,https://www.fiji-budget-vacations.com/provinces-of-fiji.html
Eastern,Kadavu,Nabukelevu,Dagai,KA,kadavu::nabukelevu,kadavu::nabukelevu::dagai,True,SOURCE_SEED,,https://www.fiji-budget-vacations.com/provinces-of-fiji.html
Eastern,Kadavu,Nabukelevu,Talaulia,KA,kadavu::nabukelevu,kadavu::nabukelevu::talaulia,True,SOURCE_SEED,,https://www.fiji-budget-vacations.com/provinces-of-fiji.html
Eastern,Kadavu,Nabukelevu,Lomati,KA,kadavu::nabukelevu,kadavu::nabukelevu::lomati,True,SOURCE_SEED,,https://www.fiji-budget-vacations.com/provinces-of-fiji.html
Eastern,Kadavu,Nabukelevu,Nabukelevuira,KA,kadavu::nabukelevu,kadavu::nabukelevu::nabukelevuira,True,SOURCE_SEED,,https://www.fiji-budget-vacations.com/provinces-of-fiji.html
Eastern,Kadavu,Nabukelevu,Qalira,KA,kadavu::nabukelevu,kadavu::nabukelevu::qalira,True,SOURCE_SEED,,https://www.fiji-budget-vacations.com/provinces-of-fiji.html
Eastern,Kadavu,Nabukelevu,Nasau,KA,kadavu::nabukelevu,kadavu::nabukelevu::nasau,True,SOURCE_SEED,,https://www.fiji-budget-vacations.com/provinces-of-fiji.html
Eastern,Kadavu,Nabukelevu,Kabariki,KA,kadavu::nabukelevu,kadavu::nabukelevu::kabariki,True,SOURCE_SEED,,https://www.fiji-budget-vacations.com/provinces-of-fiji.html
Eastern,Kadavu,Nabukelevu,Levuka,KA,kadavu::nabukelevu,kadavu::nabukelevu::levuka,True,SOURCE_SEED,,https://www.fiji-budget-vacations.com/provinces-of-fiji.html
Eastern,Kadavu,Nabukelevu,Muaninuku,KA,kadavu::nabukelevu,kadavu::nabukelevu::muaninuku,True,SOURCE_SEED,,https://www.fiji-budget-vacations.com/provinces-of-fiji.html
Eastern,Kadavu,Nabukelevu,Tabuya,KA,kadavu::nabukelevu,kadavu::nabukelevu::tabuya,True,SOURCE_SEED,,https://www.fiji-budget-vacations.com/provinces-of-fiji.html
Eastern,Kadavu,Yawe,Nalotu,KA,kadavu::yawe,kadavu::yawe::nalotu,True,SOURCE_SEED,,https://www.fiji-budget-vacations.com/provinces-of-fiji.html
Eastern,Kadavu,Yawe,Natokalau,KA,kadavu::yawe,kadavu::yawe::natokalau,True,SOURCE_SEED,,https://www.fiji-budget-vacations.com/provinces-of-fiji.html
Eastern,Kadavu,Yawe,Korovou,KA,kadavu::yawe,kadavu::yawe::korovou,True,SOURCE_SEED,,https://www.fiji-budget-vacations.com/provinces-of-fiji.html
Eastern,Kadavu,Yawe,Yakita,KA,kadavu::yawe,kadavu::yawe::yakita,True,SOURCE_SEED,,https://www.fiji-budget-vacations.com/provinces-of-fiji.html
Eastern,Kadavu,Yawe,Naqalotu,KA,kadavu::yawe,kadavu::yawe::naqalotu,True,SOURCE_SEED,,https://www.fiji-budget-vacations.com/provinces-of-fiji.html
Eastern,Kadavu,Yawe,Tawava,KA,kadavu::yawe,kadavu::yawe::tawava,True,SOURCE_SEED,,https://www.fiji-budget-vacations.com/provinces-of-fiji.html
Eastern,Kadavu,Naceva,Soso,KA,kadavu::naceva,kadavu::naceva::soso,True,SOURCE_SEED,,https://www.fiji-budget-vacations.com/provinces-of-fiji.html
Eastern,Kadavu,Naceva,Vukavu,KA,kadavu::naceva,kadavu::naceva::vukavu,True,SOURCE_SEED,,https://www.fiji-budget-vacations.com/provinces-of-fiji.html
Eastern,Kadavu,Naceva,Kadavu,KA,kadavu::naceva,kadavu::naceva::kadavu,True,SOURCE_SEED,,https://www.fiji-budget-vacations.com/provinces-of-fiji.html
Eastern,Kadavu,Naceva,Jioma,KA,kadavu::naceva,kadavu::naceva::jioma,True,SOURCE_SEED,,https://www.fiji-budget-vacations.com/provinces-of-fiji.html
Eastern,Kadavu,Naceva,Niudua,KA,kadavu::naceva,kadavu::naceva::niudua,True,SOURCE_SEED,,https://www.fiji-budget-vacations.com/provinces-of-fiji.html
Eastern,Kadavu,Naceva,Nacomoto,KA,kadavu::naceva,kadavu::naceva::nacomoto,True,SOURCE_SEED,,https://www.fiji-budget-vacations.com/provinces-of-fiji.html
Eastern,Kadavu,Naceva,Dravuwalu,KA,kadavu::naceva,kadavu::naceva::dravuwalu,True,SOURCE_SEED,,https://www.fiji-budget-vacations.com/provinces-of-fiji.html
Eastern,Kadavu,Naceva,Muanisolo,KA,kadavu::naceva,kadavu::naceva::muanisolo,True,SOURCE_SEED,,https://www.fiji-budget-vacations.com/provinces-of-fiji.html
Eastern,Kadavu,Naceva,Vunisei,KA,kadavu::naceva,kadavu::naceva::vunisei,True,SOURCE_SEED,,https://www.fiji-budget-vacations.com/provinces-of-fiji.html
Eastern,Kadavu,Naceva,Daku,KA,kadavu::naceva,kadavu::naceva::daku,True,SOURCE_SEED,,https://www.fiji-budget-vacations.com/provinces-of-fiji.html
Eastern,Kadavu,Naceva,Yavitu,KA,kadavu::naceva,kadavu::naceva::yavitu,True,SOURCE_SEED,,https://www.fiji-budget-vacations.com/provinces-of-fiji.html
Eastern,Kadavu,Naceva,Naivakarauniniu,KA,kadavu::naceva,kadavu::naceva::naivakarauniniu,True,SOURCE_SEED,,https://www.fiji-budget-vacations.com/provinces-of-fiji.html
Eastern,Kadavu,Yale,Rakiraki,KA,kadavu::yale,kadavu::yale::rakiraki,True,SOURCE_SEED,,https://www.fiji-budget-vacations.com/provinces-of-fiji.html
Eastern,Kadavu,Yale,Gasele,KA,kadavu::yale,kadavu::yale::gasele,True,SOURCE_SEED,,https://www.fiji-budget-vacations.com/provinces-of-fiji.html
Eastern,Kadavu,Yale,Nauciwai,KA,kadavu::yale,kadavu::yale::nauciwai,True,SOURCE_SEED,,https://www.fiji-budget-vacations.com/provinces-of-fiji.html
Eastern,Kadavu,Yale,Levuka,KA,kadavu::yale,kadavu::yale::levuka,True,SOURCE_SEED,,https://www.fiji-budget-vacations.com/provinces-of-fiji.html
Eastern,Kadavu,Yale,Naioti,KA,kadavu::yale,kadavu::yale::naioti,True,SOURCE_SEED,,https://www.fiji-budget-vacations.com/provinces-of-fiji.html
Eastern,Kadavu,Nakasaleka,Nakoronawa,KA,kadavu::nakasaleka,kadavu::nakasaleka::nakoronawa,True,SOURCE_SEED,,https://www.fiji-budget-vacations.com/provinces-of-fiji.html
Eastern,Kadavu,Nakasaleka,Lomanikoro,KA,kadavu::nakasaleka,kadavu::nakasaleka::lomanikoro,True,SOURCE_SEED,,https://www.fiji-budget-vacations.com/provinces-of-fiji.html
Eastern,Kadavu,Nakasaleka,Nakaunakoro,KA,kadavu::nakasaleka,kadavu::nakasaleka::nakaunakoro,True,SOURCE_SEED,,https://www.fiji-budget-vacations.com/provinces-of-fiji.html
Eastern,Kadavu,Nakasaleka,Nakaugasele,KA,kadavu::nakasaleka,kadavu::nakasaleka::nakaugasele,True,SOURCE_SEED,,https://www.fiji-budget-vacations.com/provinces-of-fiji.html
Eastern,Kadavu,Nakasaleka,Kavala,KA,kadavu::nakasaleka,kadavu::nakasaleka::kavala,True,SOURCE_SEED,,https://www.fiji-budget-vacations.com/provinces-of-fiji.html
Eastern,Kadavu,Nakasaleka,Lawaki,KA,kadavu::nakasaleka,kadavu::nakasaleka::lawaki,True,SOURCE_SEED,,https://www.fiji-budget-vacations.com/provinces-of-fiji.html
Eastern,Kadavu,Nakasaleka,Solotavui,KA,kadavu::nakasaleka,kadavu::nakasaleka::solotavui,True,SOURCE_SEED,,https://www.fiji-budget-vacations.com/provinces-of-fiji.html
Eastern,Kadavu,Nakasaleka,Tiliva,KA,kadavu::nakasaleka,kadavu::nakasaleka::tiliva,True,SOURCE_SEED,,https://www.fiji-budget-vacations.com/provinces-of-fiji.html
Eastern,Kadavu,Nakasaleka,Matasawalevu,KA,kadavu::nakasaleka,kadavu::nakasaleka::matasawalevu,True,SOURCE_SEED,,https://www.fiji-budget-vacations.com/provinces-of-fiji.html
Eastern,Kadavu,Nakasaleka,Nukuvou,KA,kadavu::nakasaleka,kadavu::nakasaleka::nukuvou,True,SOURCE_SEED,,https://www.fiji-budget-vacations.com/provinces-of-fiji.html
Eastern,Kadavu,Nakasaleka,Vacalea,KA,kadavu::nakasaleka,kadavu::nakasaleka::vacalea,True,SOURCE_SEED,,https://www.fiji-budget-vacations.com/provinces-of-fiji.html
Eastern,Kadavu,Ono,Vabea,KA,kadavu::ono,kadavu::ono::vabea,True,SOURCE_SEED,,https://www.fiji-budget-vacations.com/provinces-of-fiji.html
Eastern,Kadavu,Ono,Waisomo,KA,kadavu::ono,kadavu::ono::waisomo,True,SOURCE_SEED,,https://www.fiji-budget-vacations.com/provinces-of-fiji.html
Eastern,Kadavu,Ono,Narikoso,KA,kadavu::ono,kadavu::ono::narikoso,True,SOURCE_SEED,,https://www.fiji-budget-vacations.com/provinces-of-fiji.html
Eastern,Kadavu,Ono,Naqara,KA,kadavu::ono,kadavu::ono::naqara,True,SOURCE_SEED,,https://www.fiji-budget-vacations.com/provinces-of-fiji.html
Eastern,Kadavu,Ono,Nabouwalu,KA,kadavu::ono,kadavu::ono::nabouwalu,True,SOURCE_SEED,,https://www.fiji-budget-vacations.com/provinces-of-fiji.html
Eastern,Kadavu,Ono,Buliya,KA,kadavu::ono,kadavu::ono::buliya,True,SOURCE_SEED,,https://www.fiji-budget-vacations.com/provinces-of-fiji.html
Eastern,Kadavu,Ono,Dravuni,KA,kadavu::ono,kadavu::ono::dravuni,True,SOURCE_SEED,,https://www.fiji-budget-vacations.com/provinces-of-fiji.html
Eastern,Lau,Lakeba,Tubou,LA,lau::lakeba,lau::lakeba::tubou,True,SOURCE_SEED,,https://www.fiji-budget-vacations.com/provinces-of-fiji.html
Eastern,Lau,Lakeba,Nasaqalau,LA,lau::lakeba,lau::lakeba::nasaqalau,True,SOURCE_SEED,,https://www.fiji-budget-vacations.com/provinces-of-fiji.html
Eastern,Lau,Lakeba,Vakano,LA,lau::lakeba,lau::lakeba::vakano,True,SOURCE_SEED,,https://www.fiji-budget-vacations.com/provinces-of-fiji.html
Eastern,Lau,Lakeba,Yadrana,LA,lau::lakeba,lau::lakeba::yadrana,True,SOURCE_SEED,,https://www.fiji-budget-vacations.com/provinces-of-fiji.html
Eastern,Lau,Lakeba,Nukunuku,LA,lau::lakeba,lau::lakeba::nukunuku,True,SOURCE_SEED,,https://www.fiji-budget-vacations.com/provinces-of-fiji.html
Eastern,Lau,Lakeba,Waitabu,LA,lau::lakeba,lau::lakeba::waitabu,True,SOURCE_SEED,,https://www.fiji-budget-vacations.com/provinces-of-fiji.html
Eastern,Lau,Lakeba,Waciwaci,LA,lau::lakeba,lau::lakeba::waciwaci,True,SOURCE_SEED,,https://www.fiji-budget-vacations.com/provinces-of-fiji.html
Eastern,Lau,Lakeba,Levuka,LA,lau::lakeba,lau::lakeba::levuka,True,SOURCE_SEED,,https://www.fiji-budget-vacations.com/provinces-of-fiji.html
Eastern,Lau,Oneata,Waiqori,LA,lau::oneata,lau::oneata::waiqori,True,SOURCE_SEED,,https://www.fiji-budget-vacations.com/provinces-of-fiji.html
Eastern,Lau,Oneata,Dakuiloa,LA,lau::oneata,lau::oneata::dakuiloa,True,SOURCE_SEED,,https://www.fiji-budget-vacations.com/provinces-of-fiji.html
Eastern,Lau,Moce,Nasau,LA,lau::moce,lau::moce::nasau,True,SOURCE_SEED,,https://www.fiji-budget-vacations.com/provinces-of-fiji.html
Eastern,Lau,Moce,Korotolu,LA,lau::moce,lau::moce::korotolu,True,SOURCE_SEED,,https://www.fiji-budget-vacations.com/provinces-of-fiji.html
Eastern,Lau,Vulaga,Muanaira,LA,lau::vulaga,lau::vulaga::muanaira,True,SOURCE_SEED,,https://www.fiji-budget-vacations.com/provinces-of-fiji.html
Eastern,Lau,Vulaga,Muanaicake,LA,lau::vulaga,lau::vulaga::muanaicake,True,SOURCE_SEED,,https://www.fiji-budget-vacations.com/provinces-of-fiji.html
Eastern,Lau,Vulaga,Naividamu,LA,lau::vulaga,lau::vulaga::naividamu,True,SOURCE_SEED,,https://www.fiji-budget-vacations.com/provinces-of-fiji.html
Eastern,Lau,Vulaga,Ogea,LA,lau::vulaga,lau::vulaga::ogea,True,SOURCE_SEED,,https://www.fiji-budget-vacations.com/provinces-of-fiji.html
Eastern,Lau,Ono,Nukuni,LA,lau::ono,lau::ono::nukuni,True,SOURCE_SEED,,https://www.fiji-budget-vacations.com/provinces-of-fiji.html
Eastern,Lau,Ono,Lovoni,LA,lau::ono,lau::ono::lovoni,True,SOURCE_SEED,,https://www.fiji-budget-vacations.com/provinces-of-fiji.html
Eastern,Lau,Ono,Matokana,LA,lau::ono,lau::ono::matokana,True,SOURCE_SEED,,https://www.fiji-budget-vacations.com/provinces-of-fiji.html
Eastern,Lau,Ono,Doi,LA,lau::ono,lau::ono::doi,True,SOURCE_SEED,,https://www.fiji-budget-vacations.com/provinces-of-fiji.html
Eastern,Lau,Ono,Vatoa,LA,lau::ono,lau::ono::vatoa,True,SOURCE_SEED,,https://www.fiji-budget-vacations.com/provinces-of-fiji.html
Eastern,Lau,Kabara,Naikeleyaga,LA,lau::kabara,lau::kabara::naikeleyaga,True,SOURCE_SEED,,https://www.fiji-budget-vacations.com/provinces-of-fiji.html
Eastern,Lau,Kabara,Tokalau,LA,lau::kabara,lau::kabara::tokalau,True,SOURCE_SEED,,https://www.fiji-budget-vacations.com/provinces-of-fiji.html
Eastern,Lau,Kabara,Lomaji,LA,lau::kabara,lau::kabara::lomaji,True,SOURCE_SEED,,https://www.fiji-budget-vacations.com/provinces-of-fiji.html
Eastern,Lau,Kabara,Udu,LA,lau::kabara,lau::kabara::udu,True,SOURCE_SEED,,https://www.fiji-budget-vacations.com/provinces-of-fiji.html
Eastern,Lau,Kabara,Namuka,LA,lau::kabara,lau::kabara::namuka,True,SOURCE_SEED,,https://www.fiji-budget-vacations.com/provinces-of-fiji.html
Eastern,Lau,Kabara,Komo,LA,lau::kabara,lau::kabara::komo,True,SOURCE_SEED,,https://www.fiji-budget-vacations.com/provinces-of-fiji.html
Eastern,Lau,Totoya,Tovu,LA,lau::totoya,lau::totoya::tovu,True,SOURCE_SEED,,https://www.fiji-budget-vacations.com/provinces-of-fiji.html
Eastern,Lau,Totoya,Ketei,LA,lau::totoya,lau::totoya::ketei,True,SOURCE_SEED,,https://www.fiji-budget-vacations.com/provinces-of-fiji.html
Eastern,Lau,Totoya,Dravuwalu,LA,lau::totoya,lau::totoya::dravuwalu,True,SOURCE_SEED,,https://www.fiji-budget-vacations.com/provinces-of-fiji.html
Eastern,Lau,Totoya,Udu,LA,lau::totoya,lau::totoya::udu,True,SOURCE_SEED,,https://www.fiji-budget-vacations.com/provinces-of-fiji.html
Eastern,Lau,Totoya,Vanuavatu,LA,lau::totoya,lau::totoya::vanuavatu,True,SOURCE_SEED,,https://www.fiji-budget-vacations.com/provinces-of-fiji.html
Eastern,Lau,Moala,Naroi,LA,lau::moala,lau::moala::naroi,True,SOURCE_SEED,,https://www.fiji-budget-vacations.com/provinces-of-fiji.html
Eastern,Lau,Moala,Nasoki,LA,lau::moala,lau::moala::nasoki,True,SOURCE_SEED,,https://www.fiji-budget-vacations.com/provinces-of-fiji.html
Eastern,Lau,Moala,Keteira,LA,lau::moala,lau::moala::keteira,True,SOURCE_SEED,,https://www.fiji-budget-vacations.com/provinces-of-fiji.html
Eastern,Lau,Moala,Vunuku,LA,lau::moala,lau::moala::vunuku,True,SOURCE_SEED,,https://www.fiji-budget-vacations.com/provinces-of-fiji.html
Eastern,Lau,Moala,Cakova,LA,lau::moala,lau::moala::cakova,True,SOURCE_SEED,,https://www.fiji-budget-vacations.com/provinces-of-fiji.html
Eastern,Lau,Moala,Vadra,LA,lau::moala,lau::moala::vadra,True,SOURCE_SEED,,https://www.fiji-budget-vacations.com/provinces-of-fiji.html
Eastern,Lau,Moala,Maloku,LA,lau::moala,lau::moala::maloku,True,SOURCE_SEED,,https://www.fiji-budget-vacations.com/provinces-of-fiji.html
Eastern,Lau,Moala,Muakacuni,LA,lau::moala,lau::moala::muakacuni,True,SOURCE_SEED,,https://www.fiji-budget-vacations.com/provinces-of-fiji.html
Eastern,Lau,Matuku,Yaroi,LA,lau::matuku,lau::matuku::yaroi,True,SOURCE_SEED,,https://www.fiji-budget-vacations.com/provinces-of-fiji.html
Eastern,Lau,Matuku,Nakabati,LA,lau::matuku,lau::matuku::nakabati,True,SOURCE_SEED,,https://www.fiji-budget-vacations.com/provinces-of-fiji.html
Eastern,Lau,Matuku,Qalikarua,LA,lau::matuku,lau::matuku::qalikarua,True,SOURCE_SEED,,https://www.fiji-budget-vacations.com/provinces-of-fiji.html
Eastern,Lau,Matuku,Levukaidaku,LA,lau::matuku,lau::matuku::levukaidaku,True,SOURCE_SEED,,https://www.fiji-budget-vacations.com/provinces-of-fiji.html
Eastern,Lau,Matuku,Makadru,LA,lau::matuku,lau::matuku::makadru,True,SOURCE_SEED,,https://www.fiji-budget-vacations.com/provinces-of-fiji.html
Eastern,Lau,Matuku,Raviravi,LA,lau::matuku,lau::matuku::raviravi,True,SOURCE_SEED,,https://www.fiji-budget-vacations.com/provinces-of-fiji.html
Eastern,Lau,Matuku,Lomaji,LA,lau::matuku,lau::matuku::lomaji,True,SOURCE_SEED,,https://www.fiji-budget-vacations.com/provinces-of-fiji.html
Eastern,Lau,Nayau,Salia,LA,lau::nayau,lau::nayau::salia,True,SOURCE_SEED,,https://www.fiji-budget-vacations.com/provinces-of-fiji.html
Eastern,Lau,Nayau,Liku,LA,lau::nayau,lau::nayau::liku,True,SOURCE_SEED,,https://www.fiji-budget-vacations.com/provinces-of-fiji.html
Eastern,Lau,Nayau,Narocivo,LA,lau::nayau,lau::nayau::narocivo,True,SOURCE_SEED,,https://www.fiji-budget-vacations.com/provinces-of-fiji.html
Eastern,Lau,Lomaloma,Lomaloma,LA,lau::lomaloma,lau::lomaloma::lomaloma,True,SOURCE_SEED,,https://www.fiji-budget-vacations.com/provinces-of-fiji.html
Eastern,Lau,Lomaloma,Sawana,LA,lau::lomaloma,lau::lomaloma::sawana,True,SOURCE_SEED,,https://www.fiji-budget-vacations.com/provinces-of-fiji.html
Eastern,Lau,Lomaloma,Susui,LA,lau::lomaloma,lau::lomaloma::susui,True,SOURCE_SEED,,https://www.fiji-budget-vacations.com/provinces-of-fiji.html
Eastern,Lau,Lomaloma,Narocivo,LA,lau::lomaloma,lau::lomaloma::narocivo,True,SOURCE_SEED,,https://www.fiji-budget-vacations.com/provinces-of-fiji.html
Eastern,Lau,Lomaloma,Namalata,LA,lau::lomaloma,lau::lomaloma::namalata,True,SOURCE_SEED,,https://www.fiji-budget-vacations.com/provinces-of-fiji.html
Eastern,Lau,Lomaloma,Uruone,LA,lau::lomaloma,lau::lomaloma::uruone,True,SOURCE_SEED,,https://www.fiji-budget-vacations.com/provinces-of-fiji.html
Eastern,Lau,Lomaloma,Levukana,LA,lau::lomaloma,lau::lomaloma::levukana,True,SOURCE_SEED,,https://www.fiji-budget-vacations.com/provinces-of-fiji.html
Eastern,Lau,Lomaloma,Dakuilomaloma,LA,lau::lomaloma,lau::lomaloma::dakuilomaloma,True,SOURCE_SEED,,https://www.fiji-budget-vacations.com/provinces-of-fiji.html
Eastern,Lau,Lomaloma,Tuvuca,LA,lau::lomaloma,lau::lomaloma::tuvuca,True,SOURCE_SEED,,https://www.fiji-budget-vacations.com/provinces-of-fiji.html
Eastern,Lau,Mualevu,Mualevu,LA,lau::mualevu,lau::mualevu::mualevu,True,SOURCE_SEED,,https://www.fiji-budget-vacations.com/provinces-of-fiji.html
Eastern,Lau,Mualevu,Mavana,LA,lau::mualevu,lau::mualevu::mavana,True,SOURCE_SEED,,https://www.fiji-budget-vacations.com/provinces-of-fiji.html
Eastern,Lau,Mualevu,Daliconi,LA,lau::mualevu,lau::mualevu::daliconi,True,SOURCE_SEED,,https://www.fiji-budget-vacations.com/provinces-of-fiji.html
Eastern,Lau,Mualevu,Malaka,LA,lau::mualevu,lau::mualevu::malaka,True,SOURCE_SEED,,https://www.fiji-budget-vacations.com/provinces-of-fiji.html
Eastern,Lau,Mualevu,Muamua,LA,lau::mualevu,lau::mualevu::muamua,True,SOURCE_SEED,,https://www.fiji-budget-vacations.com/provinces-of-fiji.html
Eastern,Lau,Mualevu,Boitaci,LA,lau::mualevu,lau::mualevu::boitaci,True,SOURCE_SEED,,https://www.fiji-budget-vacations.com/provinces-of-fiji.html
Eastern,Lau,Mualevu,Cikobia,LA,lau::mualevu,lau::mualevu::cikobia,True,SOURCE_SEED,,https://www.fiji-budget-vacations.com/provinces-of-fiji.html
Eastern,Lau,Mualevu,Yavea,LA,lau::mualevu,lau::mualevu::yavea,True,SOURCE_SEED,,https://www.fiji-budget-vacations.com/provinces-of-fiji.html
Eastern,Lau,Cicia,Tarukua,LA,lau::cicia,lau::cicia::tarukua,True,SOURCE_SEED,,https://www.fiji-budget-vacations.com/provinces-of-fiji.html
Eastern,Lau,Cicia,Natokalau,LA,lau::cicia,lau::cicia::natokalau,True,SOURCE_SEED,,https://www.fiji-budget-vacations.com/provinces-of-fiji.html
Eastern,Lau,Cicia,Lomaji,LA,lau::cicia,lau::cicia::lomaji,True,SOURCE_SEED,,https://www.fiji-budget-vacations.com/provinces-of-fiji.html
Eastern,Lau,Cicia,Mabula,LA,lau::cicia,lau::cicia::mabula,True,SOURCE_SEED,,https://www.fiji-budget-vacations.com/provinces-of-fiji.html
Eastern,Lau,Cicia,Naceva,LA,lau::cicia,lau::cicia::naceva,True,SOURCE_SEED,,https://www.fiji-budget-vacations.com/provinces-of-fiji.html
Eastern,Lomaiviti,Levuka,Levuka,LO,lomaiviti::levuka,lomaiviti::levuka::levuka,True,SOURCE_SEED,,https://www.fiji-budget-vacations.com/provinces-of-fiji.html
Eastern,Lomaiviti,Levuka,Vagadaci,LO,lomaiviti::levuka,lomaiviti::levuka::vagadaci,True,SOURCE_SEED,,https://www.fiji-budget-vacations.com/provinces-of-fiji.html
Eastern,Lomaiviti,Levuka,Waitovu,LO,lomaiviti::levuka,lomaiviti::levuka::waitovu,True,SOURCE_SEED,,https://www.fiji-budget-vacations.com/provinces-of-fiji.html
Eastern,Lomaiviti,Levuka,Vuma,LO,lomaiviti::levuka,lomaiviti::levuka::vuma,True,SOURCE_SEED,,https://www.fiji-budget-vacations.com/provinces-of-fiji.html
Eastern,Lomaiviti,Levuka,Toki,LO,lomaiviti::levuka,lomaiviti::levuka::toki,True,SOURCE_SEED,,https://www.fiji-budget-vacations.com/provinces-of-fiji.html
Eastern,Lomaiviti,Levuka,Vatukalo,LO,lomaiviti::levuka,lomaiviti::levuka::vatukalo,True,SOURCE_SEED,,https://www.fiji-budget-vacations.com/provinces-of-fiji.html
Eastern,Lomaiviti,Levuka,Nawowo,LO,lomaiviti::levuka,lomaiviti::levuka::nawowo,True,SOURCE_SEED,,https://www.fiji-budget-vacations.com/provinces-of-fiji.html
Eastern,Lomaiviti,Levuka,Yaravudi,LO,lomaiviti::levuka,lomaiviti::levuka::yaravudi,True,SOURCE_SEED,,https://www.fiji-budget-vacations.com/provinces-of-fiji.html
Eastern,Lomaiviti,Levuka,Taviya,LO,lomaiviti::levuka,lomaiviti::levuka::taviya,True,SOURCE_SEED,,https://www.fiji-budget-vacations.com/provinces-of-fiji.html
Eastern,Lomaiviti,Levuka,Rukuruku,LO,lomaiviti::levuka,lomaiviti::levuka::rukuruku,True,SOURCE_SEED,,https://www.fiji-budget-vacations.com/provinces-of-fiji.html
Eastern,Lomaiviti,Nasinu,Nasinu,LO,lomaiviti::nasinu,lomaiviti::nasinu::nasinu,True,SOURCE_SEED,,https://www.fiji-budget-vacations.com/provinces-of-fiji.html
Eastern,Lomaiviti,Nasinu,Naikorokoro,LO,lomaiviti::nasinu,lomaiviti::nasinu::naikorokoro,True,SOURCE_SEED,,https://www.fiji-budget-vacations.com/provinces-of-fiji.html
Eastern,Lomaiviti,Nasinu,Tokou,LO,lomaiviti::nasinu,lomaiviti::nasinu::tokou,True,SOURCE_SEED,,https://www.fiji-budget-vacations.com/provinces-of-fiji.html
Eastern,Lomaiviti,Nasinu,Natokalau,LO,lomaiviti::nasinu,lomaiviti::nasinu::natokalau,True,SOURCE_SEED,,https://www.fiji-budget-vacations.com/provinces-of-fiji.html
Eastern,Lomaiviti,Nasinu,Draiba,LO,lomaiviti::nasinu,lomaiviti::nasinu::draiba,True,SOURCE_SEED,,https://www.fiji-budget-vacations.com/provinces-of-fiji.html
Eastern,Lomaiviti,Lovoni,Lovoni,LO,lomaiviti::lovoni,lomaiviti::lovoni::lovoni,True,SOURCE_SEED,,https://www.fiji-budget-vacations.com/provinces-of-fiji.html
Eastern,Lomaiviti,Lovoni,Nacobo,LO,lomaiviti::lovoni,lomaiviti::lovoni::nacobo,True,SOURCE_SEED,,https://www.fiji-budget-vacations.com/provinces-of-fiji.html
Eastern,Lomaiviti,Lovoni,Nukutocia,LO,lomaiviti::lovoni,lomaiviti::lovoni::nukutocia,True,SOURCE_SEED,,https://www.fiji-budget-vacations.com/provinces-of-fiji.html
Eastern,Lomaiviti,Lovoni,Visoto,LO,lomaiviti::lovoni,lomaiviti::lovoni::visoto,True,SOURCE_SEED,,https://www.fiji-budget-vacations.com/provinces-of-fiji.html
Eastern,Lomaiviti,Lovoni,Vuniivisavu,LO,lomaiviti::lovoni,lomaiviti::lovoni::vuniivisavu,True,SOURCE_SEED,,https://www.fiji-budget-vacations.com/provinces-of-fiji.html
Eastern,Lomaiviti,Bureta,Naiviteitei,LO,lomaiviti::bureta,lomaiviti::bureta::naiviteitei,True,SOURCE_SEED,,https://www.fiji-budget-vacations.com/provinces-of-fiji.html
Eastern,Lomaiviti,Bureta,Nasoga,LO,lomaiviti::bureta,lomaiviti::bureta::nasoga,True,SOURCE_SEED,,https://www.fiji-budget-vacations.com/provinces-of-fiji.html
Eastern,Lomaiviti,Bureta,Navuloa,LO,lomaiviti::bureta,lomaiviti::bureta::navuloa,True,SOURCE_SEED,,https://www.fiji-budget-vacations.com/provinces-of-fiji.html
Eastern,Lomaiviti,Motoriki,Niubasaga,LO,lomaiviti::motoriki,lomaiviti::motoriki::niubasaga,True,SOURCE_SEED,,https://www.fiji-budget-vacations.com/provinces-of-fiji.html
Eastern,Lomaiviti,Motoriki,Nasesara,LO,lomaiviti::motoriki,lomaiviti::motoriki::nasesara,True,SOURCE_SEED,,https://www.fiji-budget-vacations.com/provinces-of-fiji.html
Eastern,Lomaiviti,Motoriki,Navuti,LO,lomaiviti::motoriki,lomaiviti::motoriki::navuti,True,SOURCE_SEED,,https://www.fiji-budget-vacations.com/provinces-of-fiji.html
Eastern,Lomaiviti,Motoriki,Nasauvuki,LO,lomaiviti::motoriki,lomaiviti::motoriki::nasauvuki,True,SOURCE_SEED,,https://www.fiji-budget-vacations.com/provinces-of-fiji.html
Eastern,Lomaiviti,Motoriki,Naicabecabe,LO,lomaiviti::motoriki,lomaiviti::motoriki::naicabecabe,True,SOURCE_SEED,,https://www.fiji-budget-vacations.com/provinces-of-fiji.html
Eastern,Lomaiviti,Motoriki,Yanuca,LO,lomaiviti::motoriki,lomaiviti::motoriki::yanuca,True,SOURCE_SEED,,https://www.fiji-budget-vacations.com/provinces-of-fiji.html
Eastern,Lomaiviti,Motoriki,Daku,LO,lomaiviti::motoriki,lomaiviti::motoriki::daku,True,SOURCE_SEED,,https://www.fiji-budget-vacations.com/provinces-of-fiji.html
Eastern,Lomaiviti,Motoriki,Uluibau,LO,lomaiviti::motoriki,lomaiviti::motoriki::uluibau,True,SOURCE_SEED,,https://www.fiji-budget-vacations.com/provinces-of-fiji.html
Eastern,Lomaiviti,Motoriki,Sovuna,LO,lomaiviti::motoriki,lomaiviti::motoriki::sovuna,True,SOURCE_SEED,,https://www.fiji-budget-vacations.com/provinces-of-fiji.html
Eastern,Lomaiviti,Motoriki,Wawa,LO,lomaiviti::motoriki,lomaiviti::motoriki::wawa,True,SOURCE_SEED,,https://www.fiji-budget-vacations.com/provinces-of-fiji.html
Eastern,Lomaiviti,Motoriki,Nasauraki,LO,lomaiviti::motoriki,lomaiviti::motoriki::nasauraki,True,SOURCE_SEED,,https://www.fiji-budget-vacations.com/provinces-of-fiji.html
Eastern,Lomaiviti,Batiki,Mua,LO,lomaiviti::batiki,lomaiviti::batiki::mua,True,SOURCE_SEED,,https://www.fiji-budget-vacations.com/provinces-of-fiji.html
Eastern,Lomaiviti,Batiki,Yavu,LO,lomaiviti::batiki,lomaiviti::batiki::yavu,True,SOURCE_SEED,,https://www.fiji-budget-vacations.com/provinces-of-fiji.html
Eastern,Lomaiviti,Batiki,Manuku,LO,lomaiviti::batiki,lomaiviti::batiki::manuku,True,SOURCE_SEED,,https://www.fiji-budget-vacations.com/provinces-of-fiji.html
Eastern,Lomaiviti,Batiki,Naigani,LO,lomaiviti::batiki,lomaiviti::batiki::naigani,True,SOURCE_SEED,,https://www.fiji-budget-vacations.com/provinces-of-fiji.html
Eastern,Lomaiviti,Mudu,Mudu,LO,lomaiviti::mudu,lomaiviti::mudu::mudu,True,SOURCE_SEED,,https://www.fiji-budget-vacations.com/provinces-of-fiji.html
Eastern,Lomaiviti,Mudu,Tuatua,LO,lomaiviti::mudu,lomaiviti::mudu::tuatua,True,SOURCE_SEED,,https://www.fiji-budget-vacations.com/provinces-of-fiji.html
Eastern,Lomaiviti,Mudu,Nagaidamu,LO,lomaiviti::mudu,lomaiviti::mudu::nagaidamu,True,SOURCE_SEED,,https://www.fiji-budget-vacations.com/provinces-of-fiji.html
Eastern,Lomaiviti,Mudu,Sinuvaca,LO,lomaiviti::mudu,lomaiviti::mudu::sinuvaca,True,SOURCE_SEED,,https://www.fiji-budget-vacations.com/provinces-of-fiji.html
Eastern,Lomaiviti,Mudu,Nasau,LO,lomaiviti::mudu,lomaiviti::mudu::nasau,True,SOURCE_SEED,,https://www.fiji-budget-vacations.com/provinces-of-fiji.html
Eastern,Lomaiviti,Mudu,Nacamaki,LO,lomaiviti::mudu,lomaiviti::mudu::nacamaki,True,SOURCE_SEED,,https://www.fiji-budget-vacations.com/provinces-of-fiji.html
Eastern,Lomaiviti,Mudu,Nakodu,LO,lomaiviti::mudu,lomaiviti::mudu::nakodu,True,SOURCE_SEED,,https://www.fiji-budget-vacations.com/provinces-of-fiji.html
Eastern,Lomaiviti,Mudu,Namacu,LO,lomaiviti::mudu,lomaiviti::mudu::namacu,True,SOURCE_SEED,,https://www.fiji-budget-vacations.com/provinces-of-fiji.html
Eastern,Lomaiviti,Cawa,Nabasovi,LO,lomaiviti::cawa,lomaiviti::cawa::nabasovi,True,SOURCE_SEED,,https://www.fiji-budget-vacations.com/provinces-of-fiji.html
Eastern,Lomaiviti,Cawa,Vatulele,LO,lomaiviti::cawa,lomaiviti::cawa::vatulele,True,SOURCE_SEED,,https://www.fiji-budget-vacations.com/provinces-of-fiji.html
Eastern,Lomaiviti,Cawa,Nabuna,LO,lomaiviti::cawa,lomaiviti::cawa::nabuna,True,SOURCE_SEED,,https://www.fiji-budget-vacations.com/provinces-of-fiji.html
Eastern,Lomaiviti,Cawa,Tavua,LO,lomaiviti::cawa,lomaiviti::cawa::tavua,True,SOURCE_SEED,,https://www.fiji-budget-vacations.com/provinces-of-fiji.html
Eastern,Lomaiviti,Cawa,Navaga,LO,lomaiviti::cawa,lomaiviti::cawa::navaga,True,SOURCE_SEED,,https://www.fiji-budget-vacations.com/provinces-of-fiji.html
Eastern,Lomaiviti,Cawa,Kade,LO,lomaiviti::cawa,lomaiviti::cawa::kade,True,SOURCE_SEED,,https://www.fiji-budget-vacations.com/provinces-of-fiji.html
Eastern,Lomaiviti,Nairai,Natauloa,LO,lomaiviti::nairai,lomaiviti::nairai::natauloa,True,SOURCE_SEED,,https://www.fiji-budget-vacations.com/provinces-of-fiji.html
Eastern,Lomaiviti,Nairai,Tovulailai,LO,lomaiviti::nairai,lomaiviti::nairai::tovulailai,True,SOURCE_SEED,,https://www.fiji-budget-vacations.com/provinces-of-fiji.html
Eastern,Lomaiviti,Nairai,Lawaki,LO,lomaiviti::nairai,lomaiviti::nairai::lawaki,True,SOURCE_SEED,,https://www.fiji-budget-vacations.com/provinces-of-fiji.html
Eastern,Lomaiviti,Nairai,Votuna,LO,lomaiviti::nairai,lomaiviti::nairai::votuna,True,SOURCE_SEED,,https://www.fiji-budget-vacations.com/provinces-of-fiji.html
Eastern,Lomaiviti,Nairai,Waitoga,LO,lomaiviti::nairai,lomaiviti::nairai::waitoga,True,SOURCE_SEED,,https://www.fiji-budget-vacations.com/provinces-of-fiji.html
Eastern,Lomaiviti,Sawaieke,Sawaieke,LO,lomaiviti::sawaieke,lomaiviti::sawaieke::sawaieke,True,SOURCE_SEED,,https://www.fiji-budget-vacations.com/provinces-of-fiji.html
Eastern,Lomaiviti,Sawaieke,Somosomo,LO,lomaiviti::sawaieke,lomaiviti::sawaieke::somosomo,True,SOURCE_SEED,,https://www.fiji-budget-vacations.com/provinces-of-fiji.html
Eastern,Lomaiviti,Sawaieke,Nawaikama,LO,lomaiviti::sawaieke,lomaiviti::sawaieke::nawaikama,True,SOURCE_SEED,,https://www.fiji-budget-vacations.com/provinces-of-fiji.html
Eastern,Lomaiviti,Sawaieke,Nukuloa,LO,lomaiviti::sawaieke,lomaiviti::sawaieke::nukuloa,True,SOURCE_SEED,,https://www.fiji-budget-vacations.com/provinces-of-fiji.html
Eastern,Lomaiviti,Sawaieke,Levukaigau,LO,lomaiviti::sawaieke,lomaiviti::sawaieke::levukaigau,True,SOURCE_SEED,,https://www.fiji-budget-vacations.com/provinces-of-fiji.html
Eastern,Lomaiviti,Sawaieke,Lovu,LO,lomaiviti::sawaieke,lomaiviti::sawaieke::lovu,True,SOURCE_SEED,,https://www.fiji-budget-vacations.com/provinces-of-fiji.html
Eastern,Lomaiviti,Sawaieke,Vadravadra,LO,lomaiviti::sawaieke,lomaiviti::sawaieke::vadravadra,True,SOURCE_SEED,,https://www.fiji-budget-vacations.com/provinces-of-fiji.html
Eastern,Lomaiviti,Sawaieke,Yadua,LO,lomaiviti::sawaieke,lomaiviti::sawaieke::yadua,True,SOURCE_SEED,,https://www.fiji-budget-vacations.com/provinces-of-fiji.html
Eastern,Lomaiviti,Navukailagi,Navukailagi,LO,lomaiviti::navukailagi,lomaiviti::navukailagi::navukailagi,True,SOURCE_SEED,,https://www.fiji-budget-vacations.com/provinces-of-fiji.html
Eastern,Lomaiviti,Navukailagi,Baravi,LO,lomaiviti::navukailagi,lomaiviti::navukailagi::baravi,True,SOURCE_SEED,,https://www.fiji-budget-vacations.com/provinces-of-fiji.html
Eastern,Lomaiviti,Navukailagi,Vione,LO,lomaiviti::navukailagi,lomaiviti::navukailagi::vione,True,SOURCE_SEED,,https://www.fiji-budget-vacations.com/provinces-of-fiji.html
Eastern,Lomaiviti,Navukailagi,Qarani,LO,lomaiviti::navukailagi,lomaiviti::navukailagi::qarani,True,SOURCE_SEED,,https://www.fiji-budget-vacations.com/provinces-of-fiji.html
Eastern,Lomaiviti,Vanuaso,Vanuaso,LO,lomaiviti::vanuaso,lomaiviti::vanuaso::vanuaso,True,SOURCE_SEED,,https://www.fiji-budget-vacations.com/provinces-of-fiji.html
Eastern,Lomaiviti,Vanuaso,Lekanai,LO,lomaiviti::vanuaso,lomaiviti::vanuaso::lekanai,True,SOURCE_SEED,,https://www.fiji-budget-vacations.com/provinces-of-fiji.html
Eastern,Lomaiviti,Vanuaso,Nacavanadi,LO,lomaiviti::vanuaso,lomaiviti::vanuaso::nacavanadi,True,SOURCE_SEED,,https://www.fiji-budget-vacations.com/provinces-of-fiji.html
Eastern,Lomaiviti,Vanuaso,Malowai,LO,lomaiviti::vanuaso,lomaiviti::vanuaso::malowai,True,SOURCE_SEED,,https://www.fiji-budget-vacations.com/provinces-of-fiji.html
Eastern,Lomaiviti,Vanuaso,Lamiti,LO,lomaiviti::vanuaso,lomaiviti::vanuaso::lamiti,True,SOURCE_SEED,,https://www.fiji-budget-vacations.com/provinces-of-fiji.html
Northern,Macuata,Macuata,Macuataiwai,MA,macuata::macuata,macuata::macuata::macuataiwai,True,SOURCE_SEED,,https://www.fiji-budget-vacations.com/provinces-of-fiji.html
Northern,Macuata,Macuata,Ligau,MA,macuata::macuata,macuata::macuata::ligau,True,SOURCE_SEED,,https://www.fiji-budget-vacations.com/provinces-of-fiji.html
Northern,Macuata,Macuata,Nakalou,MA,macuata::macuata,macuata::macuata::nakalou,True,SOURCE_SEED,,https://www.fiji-budget-vacations.com/provinces-of-fiji.html
Northern,Macuata,Macuata,Namama,MA,macuata::macuata,macuata::macuata::namama,True,SOURCE_SEED,,https://www.fiji-budget-vacations.com/provinces-of-fiji.html
Northern,Macuata,Macuata,Navouono,MA,macuata::macuata,macuata::macuata::navouono,True,SOURCE_SEED,,https://www.fiji-budget-vacations.com/provinces-of-fiji.html
Northern,Macuata,Macuata,Nabukadogo,MA,macuata::macuata,macuata::macuata::nabukadogo,True,SOURCE_SEED,,https://www.fiji-budget-vacations.com/provinces-of-fiji.html
Northern,Macuata,Macuata,Naduri,MA,macuata::macuata,macuata::macuata::naduri,True,SOURCE_SEED,,https://www.fiji-budget-vacations.com/provinces-of-fiji.html
Northern,Macuata,Macuata,Naqumu,MA,macuata::macuata,macuata::macuata::naqumu,True,SOURCE_SEED,,https://www.fiji-budget-vacations.com/provinces-of-fiji.html
Northern,Macuata,Macuata,Nasuva,MA,macuata::macuata,macuata::macuata::nasuva,True,SOURCE_SEED,,https://www.fiji-budget-vacations.com/provinces-of-fiji.html
Northern,Macuata,Macuata,Navidamu,MA,macuata::macuata,macuata::macuata::navidamu,True,SOURCE_SEED,,https://www.fiji-budget-vacations.com/provinces-of-fiji.html
Northern,Macuata,Macuata,Daku,MA,macuata::macuata,macuata::macuata::daku,True,SOURCE_SEED,,https://www.fiji-budget-vacations.com/provinces-of-fiji.html
Northern,Macuata,Macuata,Niurua,MA,macuata::macuata,macuata::macuata::niurua,True,SOURCE_SEED,,https://www.fiji-budget-vacations.com/provinces-of-fiji.html
Northern,Macuata,Macuata,Ravuravu,MA,macuata::macuata,macuata::macuata::ravuravu,True,SOURCE_SEED,,https://www.fiji-budget-vacations.com/provinces-of-fiji.html
Northern,Macuata,Macuata,Yaro,MA,macuata::macuata,macuata::macuata::yaro,True,SOURCE_SEED,,https://www.fiji-budget-vacations.com/provinces-of-fiji.html
Northern,Macuata,Macuata,Vatuboroboro,MA,macuata::macuata,macuata::macuata::vatuboroboro,True,SOURCE_SEED,,https://www.fiji-budget-vacations.com/provinces-of-fiji.html
Northern,Macuata,Macuata,Buavou,MA,macuata::macuata,macuata::macuata::buavou,True,SOURCE_SEED,,https://www.fiji-budget-vacations.com/provinces-of-fiji.html
Northern,Macuata,Mali,Nakawaga,MA,macuata::mali,macuata::mali::nakawaga,True,SOURCE_SEED,,https://www.fiji-budget-vacations.com/provinces-of-fiji.html
Northern,Macuata,Mali,Ligaulevu,MA,macuata::mali,macuata::mali::ligaulevu,True,SOURCE_SEED,,https://www.fiji-budget-vacations.com/provinces-of-fiji.html
Northern,Macuata,Mali,Matailabasa,MA,macuata::mali,macuata::mali::matailabasa,True,SOURCE_SEED,,https://www.fiji-budget-vacations.com/provinces-of-fiji.html
Northern,Macuata,Mali,Vesi,MA,macuata::mali,macuata::mali::vesi,True,SOURCE_SEED,,https://www.fiji-budget-vacations.com/provinces-of-fiji.html
Northern,Macuata,Dreketi,Nabavatu,MA,macuata::dreketi,macuata::dreketi::nabavatu,True,SOURCE_SEED,,https://www.fiji-budget-vacations.com/provinces-of-fiji.html
Northern,Macuata,Dreketi,Nakanacagi,MA,macuata::dreketi,macuata::dreketi::nakanacagi,True,SOURCE_SEED,,https://www.fiji-budget-vacations.com/provinces-of-fiji.html
Northern,Macuata,Dreketi,Nabiti,MA,macuata::dreketi,macuata::dreketi::nabiti,True,SOURCE_SEED,,https://www.fiji-budget-vacations.com/provinces-of-fiji.html
Northern,Macuata,Dreketi,Nasigasiga,MA,macuata::dreketi,macuata::dreketi::nasigasiga,True,SOURCE_SEED,,https://www.fiji-budget-vacations.com/provinces-of-fiji.html
Northern,Macuata,Dreketi,Vunisea,MA,macuata::dreketi,macuata::dreketi::vunisea,True,SOURCE_SEED,,https://www.fiji-budget-vacations.com/provinces-of-fiji.html
Northern,Macuata,Dreketi,Nasea,MA,macuata::dreketi,macuata::dreketi::nasea,True,SOURCE_SEED,,https://www.fiji-budget-vacations.com/provinces-of-fiji.html
Northern,Macuata,Dreketi,Lutukina,MA,macuata::dreketi,macuata::dreketi::lutukina,True,SOURCE_SEED,,https://www.fiji-budget-vacations.com/provinces-of-fiji.html
Northern,Macuata,Cikobia,Vatulele,MA,macuata::cikobia,macuata::cikobia::vatulele,True,SOURCE_SEED,,https://www.fiji-budget-vacations.com/provinces-of-fiji.html
Northern,Macuata,Cikobia,Nautovatu,MA,macuata::cikobia,macuata::cikobia::nautovatu,True,SOURCE_SEED,,https://www.fiji-budget-vacations.com/provinces-of-fiji.html
Northern,Macuata,Cikobia,Vuninuku,MA,macuata::cikobia,macuata::cikobia::vuninuku,True,SOURCE_SEED,,https://www.fiji-budget-vacations.com/provinces-of-fiji.html
Northern,Macuata,Cikobia,Nalele,MA,macuata::cikobia,macuata::cikobia::nalele,True,SOURCE_SEED,,https://www.fiji-budget-vacations.com/provinces-of-fiji.html
Northern,Macuata,Namuka,Visoqo,MA,macuata::namuka,macuata::namuka::visoqo,True,SOURCE_SEED,,https://www.fiji-budget-vacations.com/provinces-of-fiji.html
Northern,Macuata,Namuka,Lakeba,MA,macuata::namuka,macuata::namuka::lakeba,True,SOURCE_SEED,,https://www.fiji-budget-vacations.com/provinces-of-fiji.html
Northern,Macuata,Namuka,Nabubu,MA,macuata::namuka,macuata::namuka::nabubu,True,SOURCE_SEED,,https://www.fiji-budget-vacations.com/provinces-of-fiji.html
Northern,Macuata,Namuka,Nasovivi,MA,macuata::namuka,macuata::namuka::nasovivi,True,SOURCE_SEED,,https://www.fiji-budget-vacations.com/provinces-of-fiji.html
Northern,Macuata,Namuka,Naua,MA,macuata::namuka,macuata::namuka::naua,True,SOURCE_SEED,,https://www.fiji-budget-vacations.com/provinces-of-fiji.html
Northern,Macuata,Namuka,Gevo,MA,macuata::namuka,macuata::namuka::gevo,True,SOURCE_SEED,,https://www.fiji-budget-vacations.com/provinces-of-fiji.html
Northern,Macuata,Namuka,Naisamuwaqa,MA,macuata::namuka,macuata::namuka::naisamuwaqa,True,SOURCE_SEED,,https://www.fiji-budget-vacations.com/provinces-of-fiji.html
Northern,Macuata,Namuka,Cawadevo,MA,macuata::namuka,macuata::namuka::cawadevo,True,SOURCE_SEED,,https://www.fiji-budget-vacations.com/provinces-of-fiji.html
Northern,Macuata,Namuka,Qelewara,MA,macuata::namuka,macuata::namuka::qelewara,True,SOURCE_SEED,,https://www.fiji-budget-vacations.com/provinces-of-fiji.html
Northern,Macuata,Namuka,Nasovi,MA,macuata::namuka,macuata::namuka::nasovi,True,SOURCE_SEED,,https://www.fiji-budget-vacations.com/provinces-of-fiji.html
Northern,Macuata,Namuka,Solevukoso,MA,macuata::namuka,macuata::namuka::solevukoso,True,SOURCE_SEED,,https://www.fiji-budget-vacations.com/provinces-of-fiji.html
Northern,Macuata,Namuka,Delaivadra,MA,macuata::namuka,macuata::namuka::delaivadra,True,SOURCE_SEED,,https://www.fiji-budget-vacations.com/provinces-of-fiji.html
Northern,Macuata,Namuka,Ravuka,MA,macuata::namuka,macuata::namuka::ravuka,True,SOURCE_SEED,,https://www.fiji-budget-vacations.com/provinces-of-fiji.html
Northern,Macuata,Dogotuki,Rauriko,MA,macuata::dogotuki,macuata::dogotuki::rauriko,True,SOURCE_SEED,,https://www.fiji-budget-vacations.com/provinces-of-fiji.html
Northern,Macuata,Dogotuki,Lagi,MA,macuata::dogotuki,macuata::dogotuki::lagi,True,SOURCE_SEED,,https://www.fiji-budget-vacations.com/provinces-of-fiji.html
Northern,Macuata,Dogotuki,Namukalau,MA,macuata::dogotuki,macuata::dogotuki::namukalau,True,SOURCE_SEED,,https://www.fiji-budget-vacations.com/provinces-of-fiji.html
Northern,Macuata,Dogotuki,Kedra,MA,macuata::dogotuki,macuata::dogotuki::kedra,True,SOURCE_SEED,,https://www.fiji-budget-vacations.com/provinces-of-fiji.html
Northern,Macuata,Dogotuki,Vitina,MA,macuata::dogotuki,macuata::dogotuki::vitina,True,SOURCE_SEED,,https://www.fiji-budget-vacations.com/provinces-of-fiji.html
Northern,Macuata,Dogotuki,Nabourewa,MA,macuata::dogotuki,macuata::dogotuki::nabourewa,True,SOURCE_SEED,,https://www.fiji-budget-vacations.com/provinces-of-fiji.html
Northern,Macuata,Dogotuki,Nabuna,MA,macuata::dogotuki,macuata::dogotuki::nabuna,True,SOURCE_SEED,,https://www.fiji-budget-vacations.com/provinces-of-fiji.html
Northern,Macuata,Dogotuki,Qaranivai,MA,macuata::dogotuki,macuata::dogotuki::qaranivai,True,SOURCE_SEED,,https://www.fiji-budget-vacations.com/provinces-of-fiji.html
Northern,Macuata,Dogotuki,Vugalei,MA,macuata::dogotuki,macuata::dogotuki::vugalei,True,SOURCE_SEED,,https://www.fiji-budget-vacations.com/provinces-of-fiji.html
Northern,Macuata,Dogotuki,Nayaroyaro,MA,macuata::dogotuki,macuata::dogotuki::nayaroyaro,True,SOURCE_SEED,,https://www.fiji-budget-vacations.com/provinces-of-fiji.html
Northern,Macuata,Udu,Vunikodi,MA,macuata::udu,macuata::udu::vunikodi,True,SOURCE_SEED,,https://www.fiji-budget-vacations.com/provinces-of-fiji.html
Northern,Macuata,Udu,Nukusa,MA,macuata::udu,macuata::udu::nukusa,True,SOURCE_SEED,,https://www.fiji-budget-vacations.com/provinces-of-fiji.html
Northern,Macuata,Udu,Cawaro,MA,macuata::udu,macuata::udu::cawaro,True,SOURCE_SEED,,https://www.fiji-budget-vacations.com/provinces-of-fiji.html
Northern,Macuata,Udu,Nabouono,MA,macuata::udu,macuata::udu::nabouono,True,SOURCE_SEED,,https://www.fiji-budget-vacations.com/provinces-of-fiji.html
Northern,Macuata,Udu,Nukudamu,MA,macuata::udu,macuata::udu::nukudamu,True,SOURCE_SEED,,https://www.fiji-budget-vacations.com/provinces-of-fiji.html
Northern,Macuata,Sasa,Sasa,MA,macuata::sasa,macuata::sasa::sasa,True,SOURCE_SEED,,https://www.fiji-budget-vacations.com/provinces-of-fiji.html
Northern,Macuata,Sasa,Korotubu,MA,macuata::sasa,macuata::sasa::korotubu,True,SOURCE_SEED,,https://www.fiji-budget-vacations.com/provinces-of-fiji.html
Northern,Macuata,Sasa,Namakomako,MA,macuata::sasa,macuata::sasa::namakomako,True,SOURCE_SEED,,https://www.fiji-budget-vacations.com/provinces-of-fiji.html
Northern,Macuata,Sasa,Nasealevu,MA,macuata::sasa,macuata::sasa::nasealevu,True,SOURCE_SEED,,https://www.fiji-budget-vacations.com/provinces-of-fiji.html
Northern,Macuata,Sasa,Navakasobu,MA,macuata::sasa,macuata::sasa::navakasobu,True,SOURCE_SEED,,https://www.fiji-budget-vacations.com/provinces-of-fiji.html
Northern,Macuata,Sasa,Korovuli,MA,macuata::sasa,macuata::sasa::korovuli,True,SOURCE_SEED,,https://www.fiji-budget-vacations.com/provinces-of-fiji.html
Northern,Macuata,Sasa,Tabia,MA,macuata::sasa,macuata::sasa::tabia,True,SOURCE_SEED,,https://www.fiji-budget-vacations.com/provinces-of-fiji.html
Northern,Macuata,Sasa,Vuiraqilai,MA,macuata::sasa,macuata::sasa::vuiraqilai,True,SOURCE_SEED,,https://www.fiji-budget-vacations.com/provinces-of-fiji.html
Northern,Macuata,Seaqaqa,Naravuka,MA,macuata::seaqaqa,macuata::seaqaqa::naravuka,True,SOURCE_SEED,,https://www.fiji-budget-vacations.com/provinces-of-fiji.html
Northern,Macuata,Seaqaqa,Nanenivuda,MA,macuata::seaqaqa,macuata::seaqaqa::nanenivuda,True,SOURCE_SEED,,https://www.fiji-budget-vacations.com/provinces-of-fiji.html
Northern,Macuata,Seaqaqa,Batiri,MA,macuata::seaqaqa,macuata::seaqaqa::batiri,True,SOURCE_SEED,,https://www.fiji-budget-vacations.com/provinces-of-fiji.html
Northern,Macuata,Seaqaqa,Nacaurokovi,MA,macuata::seaqaqa,macuata::seaqaqa::nacaurokovi,True,SOURCE_SEED,,https://www.fiji-budget-vacations.com/provinces-of-fiji.html
Northern,Macuata,Seaqaqa,Nacereyaga,MA,macuata::seaqaqa,macuata::seaqaqa::nacereyaga,True,SOURCE_SEED,,https://www.fiji-budget-vacations.com/provinces-of-fiji.html
Northern,Macuata,Seaqaqa,Natua,MA,macuata::seaqaqa,macuata::seaqaqa::natua,True,SOURCE_SEED,,https://www.fiji-budget-vacations.com/provinces-of-fiji.html
Northern,Macuata,Seaqaqa,Saivou,MA,macuata::seaqaqa,macuata::seaqaqa::saivou,True,SOURCE_SEED,,https://www.fiji-budget-vacations.com/provinces-of-fiji.html
Northern,Macuata,Seaqaqa,Nayarailagi,MA,macuata::seaqaqa,macuata::seaqaqa::nayarailagi,True,SOURCE_SEED,,https://www.fiji-budget-vacations.com/provinces-of-fiji.html
Northern,Macuata,Seaqaqa,Vesidrua,MA,macuata::seaqaqa,macuata::seaqaqa::vesidrua,True,SOURCE_SEED,,https://www.fiji-budget-vacations.com/provinces-of-fiji.html
Northern,Macuata,Seaqaqa,Lomaloma,MA,macuata::seaqaqa,macuata::seaqaqa::lomaloma,True,SOURCE_SEED,,https://www.fiji-budget-vacations.com/provinces-of-fiji.html
Northern,Macuata,Labasa,Nasekula,MA,macuata::labasa,macuata::labasa::nasekula,True,SOURCE_SEED,,https://www.fiji-budget-vacations.com/provinces-of-fiji.html
Northern,Macuata,Labasa,Nakorowiri,MA,macuata::labasa,macuata::labasa::nakorowiri,True,SOURCE_SEED,,https://www.fiji-budget-vacations.com/provinces-of-fiji.html
Northern,Macuata,Labasa,Batinikama,MA,macuata::labasa,macuata::labasa::batinikama,True,SOURCE_SEED,,https://www.fiji-budget-vacations.com/provinces-of-fiji.html
Northern,Macuata,Labasa,Vunimoli,MA,macuata::labasa,macuata::labasa::vunimoli,True,SOURCE_SEED,,https://www.fiji-budget-vacations.com/provinces-of-fiji.html
Northern,Macuata,Labasa,Dreketilailai,MA,macuata::labasa,macuata::labasa::dreketilailai,True,SOURCE_SEED,,https://www.fiji-budget-vacations.com/provinces-of-fiji.html
Northern,Macuata,Labasa,Namoli,MA,macuata::labasa,macuata::labasa::namoli,True,SOURCE_SEED,,https://www.fiji-budget-vacations.com/provinces-of-fiji.html
Northern,Macuata,Labasa,Vunivau,MA,macuata::labasa,macuata::labasa::vunivau,True,SOURCE_SEED,,https://www.fiji-budget-vacations.com/provinces-of-fiji.html
Northern,Macuata,Labasa,Vuo,MA,macuata::labasa,macuata::labasa::vuo,True,SOURCE_SEED,,https://www.fiji-budget-vacations.com/provinces-of-fiji.html
Northern,Macuata,Labasa,Mataniwai,MA,macuata::labasa,macuata::labasa::mataniwai,True,SOURCE_SEED,,https://www.fiji-budget-vacations.com/provinces-of-fiji.html
Northern,Macuata,Labasa,Bulileka,MA,macuata::labasa,macuata::labasa::bulileka,True,SOURCE_SEED,,https://www.fiji-budget-vacations.com/provinces-of-fiji.html
Northern,Macuata,Labasa,Nubuniyavula,MA,macuata::labasa,macuata::labasa::nubuniyavula,True,SOURCE_SEED,,https://www.fiji-budget-vacations.com/provinces-of-fiji.html
Northern,Macuata,Labasa,Qelemumu,MA,macuata::labasa,macuata::labasa::qelemumu,True,SOURCE_SEED,,https://www.fiji-budget-vacations.com/provinces-of-fiji.html
Northern,Macuata,Labasa,Raranibulubulu,MA,macuata::labasa,macuata::labasa::raranibulubulu,True,SOURCE_SEED,,https://www.fiji-budget-vacations.com/provinces-of-fiji.html
Northern,Macuata,Labasa,Nacula,MA,macuata::labasa,macuata::labasa::nacula,True,SOURCE_SEED,,https://www.fiji-budget-vacations.com/provinces-of-fiji.html
Northern,Macuata,Labasa,Naqai,MA,macuata::labasa,macuata::labasa::naqai,True,SOURCE_SEED,,https://www.fiji-budget-vacations.com/provinces-of-fiji.html
Northern,Macuata,Labasa,Waikisi,MA,macuata::labasa,macuata::labasa::waikisi,True,SOURCE_SEED,,https://www.fiji-budget-vacations.com/provinces-of-fiji.html
Northern,Macuata,Nadogo,Vunivutu,MA,macuata::nadogo,macuata::nadogo::vunivutu,True,SOURCE_SEED,,https://www.fiji-budget-vacations.com/provinces-of-fiji.html
Northern,Macuata,Nadogo,Kavewa,MA,macuata::nadogo,macuata::nadogo::kavewa,True,SOURCE_SEED,,https://www.fiji-budget-vacations.com/provinces-of-fiji.html
Northern,Macuata,Nadogo,Nabutubutu,MA,macuata::nadogo,macuata::nadogo::nabutubutu,True,SOURCE_SEED,,https://www.fiji-budget-vacations.com/provinces-of-fiji.html
Northern,Macuata,Nadogo,Nasasa,MA,macuata::nadogo,macuata::nadogo::nasasa,True,SOURCE_SEED,,https://www.fiji-budget-vacations.com/provinces-of-fiji.html
Northern,Macuata,Nadogo,Nubu,MA,macuata::nadogo,macuata::nadogo::nubu,True,SOURCE_SEED,,https://www.fiji-budget-vacations.com/provinces-of-fiji.html
Northern,Macuata,Nadogo,Mouta,MA,macuata::nadogo,macuata::nadogo::mouta,True,SOURCE_SEED,,https://www.fiji-budget-vacations.com/provinces-of-fiji.html
Northern,Macuata,Nadogo,Nakelikoso,MA,macuata::nadogo,macuata::nadogo::nakelikoso,True,SOURCE_SEED,,https://www.fiji-budget-vacations.com/provinces-of-fiji.html
Northern,Macuata,Nadogo,Navukebuli,MA,macuata::nadogo,macuata::nadogo::navukebuli,True,SOURCE_SEED,,https://www.fiji-budget-vacations.com/provinces-of-fiji.html
Northern,Macuata,Nadogo,Sogobiau,MA,macuata::nadogo,macuata::nadogo::sogobiau,True,SOURCE_SEED,,https://www.fiji-budget-vacations.com/provinces-of-fiji.html
Northern,Macuata,Nadogo,Caurokorika,MA,macuata::nadogo,macuata::nadogo::caurokorika,True,SOURCE_SEED,,https://www.fiji-budget-vacations.com/provinces-of-fiji.html
Northern,Macuata,Wailevu,Wailevu,MA,macuata::wailevu,macuata::wailevu::wailevu,True,SOURCE_SEED,,https://www.fiji-budget-vacations.com/provinces-of-fiji.html
Northern,Macuata,Wailevu,Nakama,MA,macuata::wailevu,macuata::wailevu::nakama,True,SOURCE_SEED,,https://www.fiji-budget-vacations.com/provinces-of-fiji.html
Northern,Macuata,Wailevu,Vatulovona,MA,macuata::wailevu,macuata::wailevu::vatulovona,True,SOURCE_SEED,,https://www.fiji-budget-vacations.com/provinces-of-fiji.html
Northern,Macuata,Wailevu,Vuinakawakawa,MA,macuata::wailevu,macuata::wailevu::vuinakawakawa,True,SOURCE_SEED,,https://www.fiji-budget-vacations.com/provinces-of-fiji.html
Northern,Macuata,Wailevu,Savusavutaga,MA,macuata::wailevu,macuata::wailevu::savusavutaga,True,SOURCE_SEED,,https://www.fiji-budget-vacations.com/provinces-of-fiji.html
Northern,Macuata,Wailevu,Wakanilato,MA,macuata::wailevu,macuata::wailevu::wakanilato,True,SOURCE_SEED,,https://www.fiji-budget-vacations.com/provinces-of-fiji.html
Northern,Macuata,Wailevu,Nasaqa,MA,macuata::wailevu,macuata::wailevu::nasaqa,True,SOURCE_SEED,,https://www.fiji-budget-vacations.com/provinces-of-fiji.html
Northern,Macuata,Wailevu,Yaudigi,MA,macuata::wailevu,macuata::wailevu::yaudigi,True,SOURCE_SEED,,https://www.fiji-budget-vacations.com/provinces-of-fiji.html
Northern,Macuata,Wailevu,Dogoru,MA,macuata::wailevu,macuata::wailevu::dogoru,True,SOURCE_SEED,,https://www.fiji-budget-vacations.com/provinces-of-fiji.html
Western,Nadroga-Navosa,Cuvu,Cuvu,NN,nadroga-navosa::cuvu,nadroga-navosa::cuvu::cuvu,True,SOURCE_SEED,,https://www.fiji-budget-vacations.com/provinces-of-fiji.html
Western,Nadroga-Navosa,Cuvu,Nayevuyevu,NN,nadroga-navosa::cuvu,nadroga-navosa::cuvu::nayevuyevu,True,SOURCE_SEED,,https://www.fiji-budget-vacations.com/provinces-of-fiji.html
Western,Nadroga-Navosa,Cuvu,Tore,NN,nadroga-navosa::cuvu,nadroga-navosa::cuvu::tore,True,SOURCE_SEED,,https://www.fiji-budget-vacations.com/provinces-of-fiji.html
Western,Nadroga-Navosa,Cuvu,Yadua,NN,nadroga-navosa::cuvu,nadroga-navosa::cuvu::yadua,True,SOURCE_SEED,,https://www.fiji-budget-vacations.com/provinces-of-fiji.html
Western,Nadroga-Navosa,Cuvu,Rukurukulevu,NN,nadroga-navosa::cuvu,nadroga-navosa::cuvu::rukurukulevu,True,SOURCE_SEED,,https://www.fiji-budget-vacations.com/provinces-of-fiji.html
Western,Nadroga-Navosa,Cuvu,Hanahana,NN,nadroga-navosa::cuvu,nadroga-navosa::cuvu::hanahana,True,SOURCE_SEED,,https://www.fiji-budget-vacations.com/provinces-of-fiji.html
Western,Nadroga-Navosa,Cuvu,Sila,NN,nadroga-navosa::cuvu,nadroga-navosa::cuvu::sila,True,SOURCE_SEED,,https://www.fiji-budget-vacations.com/provinces-of-fiji.html
Western,Nadroga-Navosa,Tuva,Vouwa,NN,nadroga-navosa::tuva,nadroga-navosa::tuva::vouwa,True,SOURCE_SEED,,https://www.fiji-budget-vacations.com/provinces-of-fiji.html
Western,Nadroga-Navosa,Tuva,Nadroumai,NN,nadroga-navosa::tuva,nadroga-navosa::tuva::nadroumai,True,SOURCE_SEED,,https://www.fiji-budget-vacations.com/provinces-of-fiji.html
Western,Nadroga-Navosa,Tuva,Togovere,NN,nadroga-navosa::tuva,nadroga-navosa::tuva::togovere,True,SOURCE_SEED,,https://www.fiji-budget-vacations.com/provinces-of-fiji.html
Western,Nadroga-Navosa,Tuva,Semo,NN,nadroga-navosa::tuva,nadroga-navosa::tuva::semo,True,SOURCE_SEED,,https://www.fiji-budget-vacations.com/provinces-of-fiji.html
Western,Nadroga-Navosa,Tuva,Nabau,NN,nadroga-navosa::tuva,nadroga-navosa::tuva::nabau,True,SOURCE_SEED,,https://www.fiji-budget-vacations.com/provinces-of-fiji.html
Western,Nadroga-Navosa,Tuva,Kamisi,NN,nadroga-navosa::tuva,nadroga-navosa::tuva::kamisi,True,SOURCE_SEED,,https://www.fiji-budget-vacations.com/provinces-of-fiji.html
Western,Nadroga-Navosa,Tuva,Emuri,NN,nadroga-navosa::tuva,nadroga-navosa::tuva::emuri,True,SOURCE_SEED,,https://www.fiji-budget-vacations.com/provinces-of-fiji.html
Western,Nadroga-Navosa,Tuva,Niu Yoka,NN,nadroga-navosa::tuva,nadroga-navosa::tuva::niu-yoka,True,SOURCE_SEED,,https://www.fiji-budget-vacations.com/provinces-of-fiji.html
Western,Nadroga-Navosa,Nasigatoka,Nasigatoka,NN,nadroga-navosa::nasigatoka,nadroga-navosa::nasigatoka::nasigatoka,True,SOURCE_SEED,,https://www.fiji-budget-vacations.com/provinces-of-fiji.html
Western,Nadroga-Navosa,Nasigatoka,Yavulo,NN,nadroga-navosa::nasigatoka,nadroga-navosa::nasigatoka::yavulo,True,SOURCE_SEED,,https://www.fiji-budget-vacations.com/provinces-of-fiji.html
Western,Nadroga-Navosa,Nasigatoka,Nasama,NN,nadroga-navosa::nasigatoka,nadroga-navosa::nasigatoka::nasama,True,SOURCE_SEED,,https://www.fiji-budget-vacations.com/provinces-of-fiji.html
Western,Nadroga-Navosa,Nasigatoka,Vunavutu,NN,nadroga-navosa::nasigatoka,nadroga-navosa::nasigatoka::vunavutu,True,SOURCE_SEED,,https://www.fiji-budget-vacations.com/provinces-of-fiji.html
Western,Nadroga-Navosa,Nasigatoka,Volivoli,NN,nadroga-navosa::nasigatoka,nadroga-navosa::nasigatoka::volivoli,True,SOURCE_SEED,,https://www.fiji-budget-vacations.com/provinces-of-fiji.html
Western,Nadroga-Navosa,Nasigatoka,Nayawa,NN,nadroga-navosa::nasigatoka,nadroga-navosa::nasigatoka::nayawa,True,SOURCE_SEED,,https://www.fiji-budget-vacations.com/provinces-of-fiji.html
Western,Nadroga-Navosa,Nasigatoka,Laselase,NN,nadroga-navosa::nasigatoka,nadroga-navosa::nasigatoka::laselase,True,SOURCE_SEED,,https://www.fiji-budget-vacations.com/provinces-of-fiji.html
Western,Nadroga-Navosa,Nokonoko,Naduri,NN,nadroga-navosa::nokonoko,nadroga-navosa::nokonoko::naduri,True,SOURCE_SEED,,https://www.fiji-budget-vacations.com/provinces-of-fiji.html
Western,Nadroga-Navosa,Nokonoko,Lawai,NN,nadroga-navosa::nokonoko,nadroga-navosa::nokonoko::lawai,True,SOURCE_SEED,,https://www.fiji-budget-vacations.com/provinces-of-fiji.html
Western,Nadroga-Navosa,Nokonoko,Nakabuta,NN,nadroga-navosa::nokonoko,nadroga-navosa::nokonoko::nakabuta,True,SOURCE_SEED,,https://www.fiji-budget-vacations.com/provinces-of-fiji.html
Western,Nadroga-Navosa,Nokonoko,Nakalavo,NN,nadroga-navosa::nokonoko,nadroga-navosa::nokonoko::nakalavo,True,SOURCE_SEED,,https://www.fiji-budget-vacations.com/provinces-of-fiji.html
Western,Nadroga-Navosa,Nokonoko,Vunavutu,NN,nadroga-navosa::nokonoko,nadroga-navosa::nokonoko::vunavutu,True,SOURCE_SEED,,https://www.fiji-budget-vacations.com/provinces-of-fiji.html
Western,Nadroga-Navosa,Nokonoko,Tilivalevu,NN,nadroga-navosa::nokonoko,nadroga-navosa::nokonoko::tilivalevu,True,SOURCE_SEED,,https://www.fiji-budget-vacations.com/provinces-of-fiji.html
Western,Nadroga-Navosa,Nokonoko,Qereqere,NN,nadroga-navosa::nokonoko,nadroga-navosa::nokonoko::qereqere,True,SOURCE_SEED,,https://www.fiji-budget-vacations.com/provinces-of-fiji.html
Western,Nadroga-Navosa,Waicoba,Narewa,NN,nadroga-navosa::waicoba,nadroga-navosa::waicoba::narewa,True,SOURCE_SEED,,https://www.fiji-budget-vacations.com/provinces-of-fiji.html
Western,Nadroga-Navosa,Waicoba,Vagadra,NN,nadroga-navosa::waicoba,nadroga-navosa::waicoba::vagadra,True,SOURCE_SEED,,https://www.fiji-budget-vacations.com/provinces-of-fiji.html
Western,Nadroga-Navosa,Waicoba,Narata,NN,nadroga-navosa::waicoba,nadroga-navosa::waicoba::narata,True,SOURCE_SEED,,https://www.fiji-budget-vacations.com/provinces-of-fiji.html
Western,Nadroga-Navosa,Malomalo,Malomalo,NN,nadroga-navosa::malomalo,nadroga-navosa::malomalo::malomalo,True,SOURCE_SEED,,https://www.fiji-budget-vacations.com/provinces-of-fiji.html
Western,Nadroga-Navosa,Malomalo,Naidivi,NN,nadroga-navosa::malomalo,nadroga-navosa::malomalo::naidivi,True,SOURCE_SEED,,https://www.fiji-budget-vacations.com/provinces-of-fiji.html
Western,Nadroga-Navosa,Malomalo,Nalele,NN,nadroga-navosa::malomalo,nadroga-navosa::malomalo::nalele,True,SOURCE_SEED,,https://www.fiji-budget-vacations.com/provinces-of-fiji.html
Western,Nadroga-Navosa,Malomalo,Sanasana,NN,nadroga-navosa::malomalo,nadroga-navosa::malomalo::sanasana,True,SOURCE_SEED,,https://www.fiji-budget-vacations.com/provinces-of-fiji.html
Western,Nadroga-Navosa,Malomalo,Vusama,NN,nadroga-navosa::malomalo,nadroga-navosa::malomalo::vusama,True,SOURCE_SEED,,https://www.fiji-budget-vacations.com/provinces-of-fiji.html
Western,Nadroga-Navosa,Malomalo,Navisabasaba,NN,nadroga-navosa::malomalo,nadroga-navosa::malomalo::navisabasaba,True,SOURCE_SEED,,https://www.fiji-budget-vacations.com/provinces-of-fiji.html
Western,Nadroga-Navosa,Malomalo,Batiri,NN,nadroga-navosa::malomalo,nadroga-navosa::malomalo::batiri,True,SOURCE_SEED,,https://www.fiji-budget-vacations.com/provinces-of-fiji.html
Western,Nadroga-Navosa,Malomalo,Togobula,NN,nadroga-navosa::malomalo,nadroga-navosa::malomalo::togobula,True,SOURCE_SEED,,https://www.fiji-budget-vacations.com/provinces-of-fiji.html
Western,Nadroga-Navosa,Raviravi,Momi,NN,nadroga-navosa::raviravi,nadroga-navosa::raviravi::momi,True,SOURCE_SEED,,https://www.fiji-budget-vacations.com/provinces-of-fiji.html
Western,Nadroga-Navosa,Raviravi,Yako,NN,nadroga-navosa::raviravi,nadroga-navosa::raviravi::yako,True,SOURCE_SEED,,https://www.fiji-budget-vacations.com/provinces-of-fiji.html
Western,Nadroga-Navosa,Raviravi,Nabila,NN,nadroga-navosa::raviravi,nadroga-navosa::raviravi::nabila,True,SOURCE_SEED,,https://www.fiji-budget-vacations.com/provinces-of-fiji.html
Western,Nadroga-Navosa,Wai,Lomawai,NN,nadroga-navosa::wai,nadroga-navosa::wai::lomawai,True,SOURCE_SEED,,https://www.fiji-budget-vacations.com/provinces-of-fiji.html
Western,Nadroga-Navosa,Wai,Kubuna,NN,nadroga-navosa::wai,nadroga-navosa::wai::kubuna,True,SOURCE_SEED,,https://www.fiji-budget-vacations.com/provinces-of-fiji.html
Western,Nadroga-Navosa,Wai,Nakorokula,NN,nadroga-navosa::wai,nadroga-navosa::wai::nakorokula,True,SOURCE_SEED,,https://www.fiji-budget-vacations.com/provinces-of-fiji.html
Western,Nadroga-Navosa,Wai,Navutu,NN,nadroga-navosa::wai,nadroga-navosa::wai::navutu,True,SOURCE_SEED,,https://www.fiji-budget-vacations.com/provinces-of-fiji.html
Western,Nadroga-Navosa,Wai,Tau,NN,nadroga-navosa::wai,nadroga-navosa::wai::tau,True,SOURCE_SEED,,https://www.fiji-budget-vacations.com/provinces-of-fiji.html
Western,Nadroga-Navosa,Wai,Bavu,NN,nadroga-navosa::wai,nadroga-navosa::wai::bavu,True,SOURCE_SEED,,https://www.fiji-budget-vacations.com/provinces-of-fiji.html
Western,Nadroga-Navosa,Conua,Vatukarasa,NN,nadroga-navosa::conua,nadroga-navosa::conua::vatukarasa,True,SOURCE_SEED,,https://www.fiji-budget-vacations.com/provinces-of-fiji.html
Western,Nadroga-Navosa,Conua,Malevu,NN,nadroga-navosa::conua,nadroga-navosa::conua::malevu,True,SOURCE_SEED,,https://www.fiji-budget-vacations.com/provinces-of-fiji.html
Western,Nadroga-Navosa,Conua,Korotogo,NN,nadroga-navosa::conua,nadroga-navosa::conua::korotogo,True,SOURCE_SEED,,https://www.fiji-budget-vacations.com/provinces-of-fiji.html
Western,Nadroga-Navosa,Conua,Naroro,NN,nadroga-navosa::conua,nadroga-navosa::conua::naroro,True,SOURCE_SEED,,https://www.fiji-budget-vacations.com/provinces-of-fiji.html
Western,Nadroga-Navosa,Conua,Nawamagi,NN,nadroga-navosa::conua,nadroga-navosa::conua::nawamagi,True,SOURCE_SEED,,https://www.fiji-budget-vacations.com/provinces-of-fiji.html
Western,Nadroga-Navosa,Conua,Nalaca,NN,nadroga-navosa::conua,nadroga-navosa::conua::nalaca,True,SOURCE_SEED,,https://www.fiji-budget-vacations.com/provinces-of-fiji.html
Western,Nadroga-Navosa,Conua,Nadrala,NN,nadroga-navosa::conua,nadroga-navosa::conua::nadrala,True,SOURCE_SEED,,https://www.fiji-budget-vacations.com/provinces-of-fiji.html
Western,Nadroga-Navosa,Komave,Komave,NN,nadroga-navosa::komave,nadroga-navosa::komave::komave,True,SOURCE_SEED,,https://www.fiji-budget-vacations.com/provinces-of-fiji.html
Western,Nadroga-Navosa,Komave,Namatakula,NN,nadroga-navosa::komave,nadroga-navosa::komave::namatakula,True,SOURCE_SEED,,https://www.fiji-budget-vacations.com/provinces-of-fiji.html
Western,Nadroga-Navosa,Komave,Biausevu,NN,nadroga-navosa::komave,nadroga-navosa::komave::biausevu,True,SOURCE_SEED,,https://www.fiji-budget-vacations.com/provinces-of-fiji.html
Western,Nadroga-Navosa,Komave,Navola,NN,nadroga-navosa::komave,nadroga-navosa::komave::navola,True,SOURCE_SEED,,https://www.fiji-budget-vacations.com/provinces-of-fiji.html
Western,Nadroga-Navosa,Korolevuiwai,Votua,NN,nadroga-navosa::korolevuiwai,nadroga-navosa::korolevuiwai::votua,True,SOURCE_SEED,,https://www.fiji-budget-vacations.com/provinces-of-fiji.html
Western,Nadroga-Navosa,Korolevuiwai,Vatu-o-lalai,NN,nadroga-navosa::korolevuiwai,nadroga-navosa::korolevuiwai::vatu-o-lalai,True,SOURCE_SEED,,https://www.fiji-budget-vacations.com/provinces-of-fiji.html
Western,Nadroga-Navosa,Korolevuiwai,Tagaqe,NN,nadroga-navosa::korolevuiwai,nadroga-navosa::korolevuiwai::tagaqe,True,SOURCE_SEED,,https://www.fiji-budget-vacations.com/provinces-of-fiji.html
Western,Nadroga-Navosa,Korolevuiwai,Namada,NN,nadroga-navosa::korolevuiwai,nadroga-navosa::korolevuiwai::namada,True,SOURCE_SEED,,https://www.fiji-budget-vacations.com/provinces-of-fiji.html
Western,Nadroga-Navosa,Koroinasau,Balenabelo,NN,nadroga-navosa::koroinasau,nadroga-navosa::koroinasau::balenabelo,True,SOURCE_SEED,,https://www.fiji-budget-vacations.com/provinces-of-fiji.html
Western,Nadroga-Navosa,Koroinasau,Vunayayawa,NN,nadroga-navosa::koroinasau,nadroga-navosa::koroinasau::vunayayawa,True,SOURCE_SEED,,https://www.fiji-budget-vacations.com/provinces-of-fiji.html
Western,Nadroga-Navosa,Koroinasau,Saru,NN,nadroga-navosa::koroinasau,nadroga-navosa::koroinasau::saru,True,SOURCE_SEED,,https://www.fiji-budget-vacations.com/provinces-of-fiji.html
Western,Nadroga-Navosa,Koroinasau,Sauvi,NN,nadroga-navosa::koroinasau,nadroga-navosa::koroinasau::sauvi,True,SOURCE_SEED,,https://www.fiji-budget-vacations.com/provinces-of-fiji.html
Western,Nadroga-Navosa,Mavua,Raiwaqa,NN,nadroga-navosa::mavua,nadroga-navosa::mavua::raiwaqa,True,SOURCE_SEED,,https://www.fiji-budget-vacations.com/provinces-of-fiji.html
Western,Nadroga-Navosa,Mavua,Mavua,NN,nadroga-navosa::mavua,nadroga-navosa::mavua::mavua,True,SOURCE_SEED,,https://www.fiji-budget-vacations.com/provinces-of-fiji.html
Western,Nadroga-Navosa,Mavua,Tubeirata,NN,nadroga-navosa::mavua,nadroga-navosa::mavua::tubeirata,True,SOURCE_SEED,,https://www.fiji-budget-vacations.com/provinces-of-fiji.html
Western,Nadroga-Navosa,Naqalimare,Koroisagana,NN,nadroga-navosa::naqalimare,nadroga-navosa::naqalimare::koroisagana,True,SOURCE_SEED,,https://www.fiji-budget-vacations.com/provinces-of-fiji.html
Western,Nadroga-Navosa,Naqalimare,Sautabu,NN,nadroga-navosa::naqalimare,nadroga-navosa::naqalimare::sautabu,True,SOURCE_SEED,,https://www.fiji-budget-vacations.com/provinces-of-fiji.html
Western,Nadroga-Navosa,Naqalimare,Natawatawadi,NN,nadroga-navosa::naqalimare,nadroga-navosa::naqalimare::natawatawadi,True,SOURCE_SEED,,https://www.fiji-budget-vacations.com/provinces-of-fiji.html
Western,Nadroga-Navosa,Naqalimare,Toga,NN,nadroga-navosa::naqalimare,nadroga-navosa::naqalimare::toga,True,SOURCE_SEED,,https://www.fiji-budget-vacations.com/provinces-of-fiji.html
Western,Nadroga-Navosa,Naqalimare,Vunaqoru,NN,nadroga-navosa::naqalimare,nadroga-navosa::naqalimare::vunaqoru,True,SOURCE_SEED,,https://www.fiji-budget-vacations.com/provinces-of-fiji.html
Western,Nadroga-Navosa,Naqalimare,Naveyago,NN,nadroga-navosa::naqalimare,nadroga-navosa::naqalimare::naveyago,True,SOURCE_SEED,,https://www.fiji-budget-vacations.com/provinces-of-fiji.html
Western,Nadroga-Navosa,Naqalimare,Koroua,NN,nadroga-navosa::naqalimare,nadroga-navosa::naqalimare::koroua,True,SOURCE_SEED,,https://www.fiji-budget-vacations.com/provinces-of-fiji.html
Western,Nadroga-Navosa,Naqalimare,Rarabasaga,NN,nadroga-navosa::naqalimare,nadroga-navosa::naqalimare::rarabasaga,True,SOURCE_SEED,,https://www.fiji-budget-vacations.com/provinces-of-fiji.html
Western,Nadroga-Navosa,Bemana,Tuvu,NN,nadroga-navosa::bemana,nadroga-navosa::bemana::tuvu,True,SOURCE_SEED,,https://www.fiji-budget-vacations.com/provinces-of-fiji.html
Western,Nadroga-Navosa,Bemana,Korotuluve,NN,nadroga-navosa::bemana,nadroga-navosa::bemana::korotuluve,True,SOURCE_SEED,,https://www.fiji-budget-vacations.com/provinces-of-fiji.html
Western,Nadroga-Navosa,Bemana,Vulinagerua,NN,nadroga-navosa::bemana,nadroga-navosa::bemana::vulinagerua,True,SOURCE_SEED,,https://www.fiji-budget-vacations.com/provinces-of-fiji.html
Western,Nadroga-Navosa,Bemana,Nailebaleba,NN,nadroga-navosa::bemana,nadroga-navosa::bemana::nailebaleba,True,SOURCE_SEED,,https://www.fiji-budget-vacations.com/provinces-of-fiji.html
Western,Nadroga-Navosa,Nasikawa,Nawairabe,NN,nadroga-navosa::nasikawa,nadroga-navosa::nasikawa::nawairabe,True,SOURCE_SEED,,https://www.fiji-budget-vacations.com/provinces-of-fiji.html
Western,Nadroga-Navosa,Nasikawa,Korovou,NN,nadroga-navosa::nasikawa,nadroga-navosa::nasikawa::korovou,True,SOURCE_SEED,,https://www.fiji-budget-vacations.com/provinces-of-fiji.html
Western,Nadroga-Navosa,Nasikawa,Matokana,NN,nadroga-navosa::nasikawa,nadroga-navosa::nasikawa::matokana,True,SOURCE_SEED,,https://www.fiji-budget-vacations.com/provinces-of-fiji.html
Western,Nadroga-Navosa,Nasikawa,Waibasaga,NN,nadroga-navosa::nasikawa,nadroga-navosa::nasikawa::waibasaga,True,SOURCE_SEED,,https://www.fiji-budget-vacations.com/provinces-of-fiji.html
Western,Nadroga-Navosa,Nasikawa,Namasimasi,NN,nadroga-navosa::nasikawa,nadroga-navosa::nasikawa::namasimasi,True,SOURCE_SEED,,https://www.fiji-budget-vacations.com/provinces-of-fiji.html
Western,Nadroga-Navosa,Namataku,Keiyasi,NN,nadroga-navosa::namataku,nadroga-navosa::namataku::keiyasi,True,SOURCE_SEED,,https://www.fiji-budget-vacations.com/provinces-of-fiji.html
Western,Nadroga-Navosa,Namataku,Nasaucoko,NN,nadroga-navosa::namataku,nadroga-navosa::namataku::nasaucoko,True,SOURCE_SEED,,https://www.fiji-budget-vacations.com/provinces-of-fiji.html
Western,Nadroga-Navosa,Namataku,Draiba,NN,nadroga-navosa::namataku,nadroga-navosa::namataku::draiba,True,SOURCE_SEED,,https://www.fiji-budget-vacations.com/provinces-of-fiji.html
Western,Nadroga-Navosa,Namataku,Sowene,NN,nadroga-navosa::namataku,nadroga-navosa::namataku::sowene,True,SOURCE_SEED,,https://www.fiji-budget-vacations.com/provinces-of-fiji.html
Western,Nadroga-Navosa,Namataku,Wanosi,NN,nadroga-navosa::namataku,nadroga-navosa::namataku::wanosi,True,SOURCE_SEED,,https://www.fiji-budget-vacations.com/provinces-of-fiji.html
Western,Nadroga-Navosa,Namataku,Nausori,NN,nadroga-navosa::namataku,nadroga-navosa::namataku::nausori,True,SOURCE_SEED,,https://www.fiji-budget-vacations.com/provinces-of-fiji.html
Western,Nadroga-Navosa,Namataku,Navula,NN,nadroga-navosa::namataku,nadroga-navosa::namataku::navula,True,SOURCE_SEED,,https://www.fiji-budget-vacations.com/provinces-of-fiji.html
Western,Nadroga-Navosa,Namataku,Yadrau,NN,nadroga-navosa::namataku,nadroga-navosa::namataku::yadrau,True,SOURCE_SEED,,https://www.fiji-budget-vacations.com/provinces-of-fiji.html
Western,Nadroga-Navosa,Noikoro,Korolevu,NN,nadroga-navosa::noikoro,nadroga-navosa::noikoro::korolevu,True,SOURCE_SEED,,https://www.fiji-budget-vacations.com/provinces-of-fiji.html
Western,Nadroga-Navosa,Noikoro,Namoli,NN,nadroga-navosa::noikoro,nadroga-navosa::noikoro::namoli,True,SOURCE_SEED,,https://www.fiji-budget-vacations.com/provinces-of-fiji.html
Western,Nadroga-Navosa,Noikoro,Nukuilau,NN,nadroga-navosa::noikoro,nadroga-navosa::noikoro::nukuilau,True,SOURCE_SEED,,https://www.fiji-budget-vacations.com/provinces-of-fiji.html
Western,Nadroga-Navosa,Noikoro,Vatubalavu,NN,nadroga-navosa::noikoro,nadroga-navosa::noikoro::vatubalavu,True,SOURCE_SEED,,https://www.fiji-budget-vacations.com/provinces-of-fiji.html
Western,Nadroga-Navosa,Noikoro,Nubuyanitu,NN,nadroga-navosa::noikoro,nadroga-navosa::noikoro::nubuyanitu,True,SOURCE_SEED,,https://www.fiji-budget-vacations.com/provinces-of-fiji.html
Western,Nadroga-Navosa,Noikoro,Draubuta,NN,nadroga-navosa::noikoro,nadroga-navosa::noikoro::draubuta,True,SOURCE_SEED,,https://www.fiji-budget-vacations.com/provinces-of-fiji.html
Western,Nadroga-Navosa,Noikoro,Nakoro,NN,nadroga-navosa::noikoro,nadroga-navosa::noikoro::nakoro,True,SOURCE_SEED,,https://www.fiji-budget-vacations.com/provinces-of-fiji.html
Western,Nadroga-Navosa,Noikoro,Viti Levu,NN,nadroga-navosa::noikoro,nadroga-navosa::noikoro::viti-levu,True,SOURCE_SEED,,https://www.fiji-budget-vacations.com/provinces-of-fiji.html
Western,Nadroga-Navosa,Noikoro,Lalati,NN,nadroga-navosa::noikoro,nadroga-navosa::noikoro::lalati,True,SOURCE_SEED,,https://www.fiji-budget-vacations.com/provinces-of-fiji.html
Western,Nadroga-Navosa,Noikoro,Wema,NN,nadroga-navosa::noikoro,nadroga-navosa::noikoro::wema,True,SOURCE_SEED,,https://www.fiji-budget-vacations.com/provinces-of-fiji.html
Western,Nadroga-Navosa,Nadrau,Nadrau,NN,nadroga-navosa::nadrau,nadroga-navosa::nadrau::nadrau,True,SOURCE_SEED,,https://www.fiji-budget-vacations.com/provinces-of-fiji.html
Western,Nadroga-Navosa,Nadrau,Nabawaqa,NN,nadroga-navosa::nadrau,nadroga-navosa::nadrau::nabawaqa,True,SOURCE_SEED,,https://www.fiji-budget-vacations.com/provinces-of-fiji.html
Western,Nadroga-Navosa,Nadrau,Qalinasavu,NN,nadroga-navosa::nadrau,nadroga-navosa::nadrau::qalinasavu,True,SOURCE_SEED,,https://www.fiji-budget-vacations.com/provinces-of-fiji.html
Western,Nadroga-Navosa,Nadrau,Naga (Vanua Levu),NN,nadroga-navosa::nadrau,nadroga-navosa::nadrau::naga-vanua-levu,True,REVIEW,Source label includes '(Vanua Levu)'; verify official village name/location before production import.,https://www.fiji-budget-vacations.com/provinces-of-fiji.html
Western,Nadroga-Navosa,Navatusila,Nabutautau,NN,nadroga-navosa::navatusila,nadroga-navosa::navatusila::nabutautau,True,SOURCE_SEED,,https://www.fiji-budget-vacations.com/provinces-of-fiji.html
Western,Nadroga-Navosa,Navatusila,Sauvakarua,NN,nadroga-navosa::navatusila,nadroga-navosa::navatusila::sauvakarua,True,SOURCE_SEED,,https://www.fiji-budget-vacations.com/provinces-of-fiji.html
Western,Nadroga-Navosa,Navatusila,Nanoko,NN,nadroga-navosa::navatusila,nadroga-navosa::navatusila::nanoko,True,SOURCE_SEED,,https://www.fiji-budget-vacations.com/provinces-of-fiji.html
Western,Nadroga-Navosa,Navatusila,Tuvavatu,NN,nadroga-navosa::navatusila,nadroga-navosa::navatusila::tuvavatu,True,SOURCE_SEED,,https://www.fiji-budget-vacations.com/provinces-of-fiji.html
Western,Nadroga-Navosa,Vatulele,Ekubu,NN,nadroga-navosa::vatulele,nadroga-navosa::vatulele::ekubu,True,SOURCE_SEED,,https://www.fiji-budget-vacations.com/provinces-of-fiji.html
Western,Nadroga-Navosa,Vatulele,Taunovo,NN,nadroga-navosa::vatulele,nadroga-navosa::vatulele::taunovo,True,SOURCE_SEED,,https://www.fiji-budget-vacations.com/provinces-of-fiji.html
Western,Nadroga-Navosa,Vatulele,Lomanikaya,NN,nadroga-navosa::vatulele,nadroga-navosa::vatulele::lomanikaya,True,SOURCE_SEED,,https://www.fiji-budget-vacations.com/provinces-of-fiji.html
Western,Nadroga-Navosa,Vatulele,Bouwaqa,NN,nadroga-navosa::vatulele,nadroga-navosa::vatulele::bouwaqa,True,SOURCE_SEED,,https://www.fiji-budget-vacations.com/provinces-of-fiji.html
Western,Nadroga-Navosa,Malolo,Solevu,NN,nadroga-navosa::malolo,nadroga-navosa::malolo::solevu,True,SOURCE_SEED,,https://www.fiji-budget-vacations.com/provinces-of-fiji.html
Western,Nadroga-Navosa,Malolo,Yaro,NN,nadroga-navosa::malolo,nadroga-navosa::malolo::yaro,True,SOURCE_SEED,,https://www.fiji-budget-vacations.com/provinces-of-fiji.html
Western,Nadroga-Navosa,Malolo,Tavua,NN,nadroga-navosa::malolo,nadroga-navosa::malolo::tavua,True,SOURCE_SEED,,https://www.fiji-budget-vacations.com/provinces-of-fiji.html
Western,Nadroga-Navosa,Malolo,Yanuca,NN,nadroga-navosa::malolo,nadroga-navosa::malolo::yanuca,True,SOURCE_SEED,,https://www.fiji-budget-vacations.com/provinces-of-fiji.html
Central,Naitasiri,Naitasiri,Navuso,NI,naitasiri::naitasiri,naitasiri::naitasiri::navuso,True,SOURCE_SEED,,https://www.fiji-budget-vacations.com/provinces-of-fiji.html
Central,Naitasiri,Naitasiri,Tamavua,NI,naitasiri::naitasiri,naitasiri::naitasiri::tamavua,True,SOURCE_SEED,,https://www.fiji-budget-vacations.com/provinces-of-fiji.html
Central,Naitasiri,Naitasiri,Kalabu,NI,naitasiri::naitasiri,naitasiri::naitasiri::kalabu,True,SOURCE_SEED,,https://www.fiji-budget-vacations.com/provinces-of-fiji.html
Central,Naitasiri,Naitasiri,Vuniniudrovu,NI,naitasiri::naitasiri,naitasiri::naitasiri::vuniniudrovu,True,SOURCE_SEED,,https://www.fiji-budget-vacations.com/provinces-of-fiji.html
Central,Naitasiri,Naitasiri,Kasavu,NI,naitasiri::naitasiri,naitasiri::naitasiri::kasavu,True,SOURCE_SEED,,https://www.fiji-budget-vacations.com/provinces-of-fiji.html
Central,Naitasiri,Naitasiri,Nacokaika,NI,naitasiri::naitasiri,naitasiri::naitasiri::nacokaika,True,SOURCE_SEED,,https://www.fiji-budget-vacations.com/provinces-of-fiji.html
Central,Naitasiri,Naitasiri,Naganivatu,NI,naitasiri::naitasiri,naitasiri::naitasiri::naganivatu,True,SOURCE_SEED,,https://www.fiji-budget-vacations.com/provinces-of-fiji.html
Central,Naitasiri,Naitasiri,Nakini,NI,naitasiri::naitasiri,naitasiri::naitasiri::nakini,True,SOURCE_SEED,,https://www.fiji-budget-vacations.com/provinces-of-fiji.html
Central,Naitasiri,Naitasiri,Natowaika,NI,naitasiri::naitasiri,naitasiri::naitasiri::natowaika,True,SOURCE_SEED,,https://www.fiji-budget-vacations.com/provinces-of-fiji.html
Central,Naitasiri,Naitasiri,Deladamanu,NI,naitasiri::naitasiri,naitasiri::naitasiri::deladamanu,True,SOURCE_SEED,,https://www.fiji-budget-vacations.com/provinces-of-fiji.html
Central,Naitasiri,Naitasiri,Waitolu,NI,naitasiri::naitasiri,naitasiri::naitasiri::waitolu,True,SOURCE_SEED,,https://www.fiji-budget-vacations.com/provinces-of-fiji.html
Central,Naitasiri,Naitasiri,Drekeiwaila,NI,naitasiri::naitasiri,naitasiri::naitasiri::drekeiwaila,True,SOURCE_SEED,,https://www.fiji-budget-vacations.com/provinces-of-fiji.html
Central,Naitasiri,Vuna,Sawani,NI,naitasiri::vuna,naitasiri::vuna::sawani,True,SOURCE_SEED,,https://www.fiji-budget-vacations.com/provinces-of-fiji.html
Central,Naitasiri,Vuna,Navatuvula,NI,naitasiri::vuna,naitasiri::vuna::navatuvula,True,SOURCE_SEED,,https://www.fiji-budget-vacations.com/provinces-of-fiji.html
Central,Naitasiri,Vuna,Colo-i-suva,NI,naitasiri::vuna,naitasiri::vuna::colo-i-suva,True,SOURCE_SEED,,https://www.fiji-budget-vacations.com/provinces-of-fiji.html
Central,Naitasiri,Viria,Viria,NI,naitasiri::viria,naitasiri::viria::viria,True,SOURCE_SEED,,https://www.fiji-budget-vacations.com/provinces-of-fiji.html
Central,Naitasiri,Viria,Naqali,NI,naitasiri::viria,naitasiri::viria::naqali,True,SOURCE_SEED,,https://www.fiji-budget-vacations.com/provinces-of-fiji.html
Central,Naitasiri,Viria,Namuamua,NI,naitasiri::viria,naitasiri::viria::namuamua,True,SOURCE_SEED,,https://www.fiji-budget-vacations.com/provinces-of-fiji.html
Central,Naitasiri,Viria,Gusuisavu,NI,naitasiri::viria,naitasiri::viria::gusuisavu,True,SOURCE_SEED,,https://www.fiji-budget-vacations.com/provinces-of-fiji.html
Central,Naitasiri,Viria,Navolau,NI,naitasiri::viria,naitasiri::viria::navolau,True,SOURCE_SEED,,https://www.fiji-budget-vacations.com/provinces-of-fiji.html
Central,Naitasiri,Viria,Natavea,NI,naitasiri::viria,naitasiri::viria::natavea,True,SOURCE_SEED,,https://www.fiji-budget-vacations.com/provinces-of-fiji.html
Central,Naitasiri,Viria,Nataveaira,NI,naitasiri::viria,naitasiri::viria::nataveaira,True,SOURCE_SEED,,https://www.fiji-budget-vacations.com/provinces-of-fiji.html
Central,Naitasiri,Navuakece,Navutu,NI,naitasiri::navuakece,naitasiri::navuakece::navutu,True,SOURCE_SEED,,https://www.fiji-budget-vacations.com/provinces-of-fiji.html
Central,Naitasiri,Navuakece,Nawaqabena,NI,naitasiri::navuakece,naitasiri::navuakece::nawaqabena,True,SOURCE_SEED,,https://www.fiji-budget-vacations.com/provinces-of-fiji.html
Central,Naitasiri,Navuakece,Korovou,NI,naitasiri::navuakece,naitasiri::navuakece::korovou,True,SOURCE_SEED,,https://www.fiji-budget-vacations.com/provinces-of-fiji.html
Central,Naitasiri,Navuakece,Vatuili,NI,naitasiri::navuakece,naitasiri::navuakece::vatuili,True,SOURCE_SEED,,https://www.fiji-budget-vacations.com/provinces-of-fiji.html
Central,Naitasiri,Navuakece,Delaiwaimale,NI,naitasiri::navuakece,naitasiri::navuakece::delaiwaimale,True,SOURCE_SEED,,https://www.fiji-budget-vacations.com/provinces-of-fiji.html
Central,Naitasiri,Navuakece,Waisa,NI,naitasiri::navuakece,naitasiri::navuakece::waisa,True,SOURCE_SEED,,https://www.fiji-budget-vacations.com/provinces-of-fiji.html
Central,Naitasiri,Rara,Naluwai,NI,naitasiri::rara,naitasiri::rara::naluwai,True,SOURCE_SEED,,https://www.fiji-budget-vacations.com/provinces-of-fiji.html
Central,Naitasiri,Rara,Waidracia,NI,naitasiri::rara,naitasiri::rara::waidracia,True,SOURCE_SEED,,https://www.fiji-budget-vacations.com/provinces-of-fiji.html
Central,Naitasiri,Rara,Nasavu,NI,naitasiri::rara,naitasiri::rara::nasavu,True,SOURCE_SEED,,https://www.fiji-budget-vacations.com/provinces-of-fiji.html
Central,Naitasiri,Nabaitavo,Nabaitavo,NI,naitasiri::nabaitavo,naitasiri::nabaitavo::nabaitavo,True,SOURCE_SEED,,https://www.fiji-budget-vacations.com/provinces-of-fiji.html
Central,Naitasiri,Nabaitavo,Navoka,NI,naitasiri::nabaitavo,naitasiri::nabaitavo::navoka,True,SOURCE_SEED,,https://www.fiji-budget-vacations.com/provinces-of-fiji.html
Central,Naitasiri,Waidina,Nabukaluka,NI,naitasiri::waidina,naitasiri::waidina::nabukaluka,True,SOURCE_SEED,,https://www.fiji-budget-vacations.com/provinces-of-fiji.html
Central,Naitasiri,Waidina,Nadakuni,NI,naitasiri::waidina,naitasiri::waidina::nadakuni,True,SOURCE_SEED,,https://www.fiji-budget-vacations.com/provinces-of-fiji.html
Central,Naitasiri,Waidina,Lomai,NI,naitasiri::waidina,naitasiri::waidina::lomai,True,SOURCE_SEED,,https://www.fiji-budget-vacations.com/provinces-of-fiji.html
Central,Naitasiri,Waidina,Vanuakula,NI,naitasiri::waidina,naitasiri::waidina::vanuakula,True,SOURCE_SEED,,https://www.fiji-budget-vacations.com/provinces-of-fiji.html
Central,Naitasiri,Waidina,Nauluvatu,NI,naitasiri::waidina,naitasiri::waidina::nauluvatu,True,SOURCE_SEED,,https://www.fiji-budget-vacations.com/provinces-of-fiji.html
Central,Naitasiri,Waidina,Navurevure,NI,naitasiri::waidina,naitasiri::waidina::navurevure,True,SOURCE_SEED,,https://www.fiji-budget-vacations.com/provinces-of-fiji.html
Central,Naitasiri,Waidina,Wainawaqa,NI,naitasiri::waidina,naitasiri::waidina::wainawaqa,True,SOURCE_SEED,,https://www.fiji-budget-vacations.com/provinces-of-fiji.html
Central,Naitasiri,Waidina,Nasirotu,NI,naitasiri::waidina,naitasiri::waidina::nasirotu,True,SOURCE_SEED,,https://www.fiji-budget-vacations.com/provinces-of-fiji.html
Central,Naitasiri,Waidina,Nasele,NI,naitasiri::waidina,naitasiri::waidina::nasele,True,SOURCE_SEED,,https://www.fiji-budget-vacations.com/provinces-of-fiji.html
Central,Naitasiri,Waidina,Naseuvou,NI,naitasiri::waidina,naitasiri::waidina::naseuvou,True,SOURCE_SEED,,https://www.fiji-budget-vacations.com/provinces-of-fiji.html
Central,Naitasiri,Waidina,Delailasakau,NI,naitasiri::waidina,naitasiri::waidina::delailasakau,True,SOURCE_SEED,,https://www.fiji-budget-vacations.com/provinces-of-fiji.html
Central,Naitasiri,Soloira,Waikalou,NI,naitasiri::soloira,naitasiri::soloira::waikalou,True,SOURCE_SEED,,https://www.fiji-budget-vacations.com/provinces-of-fiji.html
Central,Naitasiri,Soloira,Navatukia,NI,naitasiri::soloira,naitasiri::soloira::navatukia,True,SOURCE_SEED,,https://www.fiji-budget-vacations.com/provinces-of-fiji.html
Central,Naitasiri,Soloira,Vunidawa,NI,naitasiri::soloira,naitasiri::soloira::vunidawa,True,SOURCE_SEED,,https://www.fiji-budget-vacations.com/provinces-of-fiji.html
Central,Naitasiri,Matailobau,Nairukuruku,NI,naitasiri::matailobau,naitasiri::matailobau::nairukuruku,True,SOURCE_SEED,,https://www.fiji-budget-vacations.com/provinces-of-fiji.html
Central,Naitasiri,Matailobau,Navuniyasi,NI,naitasiri::matailobau,naitasiri::matailobau::navuniyasi,True,SOURCE_SEED,,https://www.fiji-budget-vacations.com/provinces-of-fiji.html
Central,Naitasiri,Matailobau,Taulevu,NI,naitasiri::matailobau,naitasiri::matailobau::taulevu,True,SOURCE_SEED,,https://www.fiji-budget-vacations.com/provinces-of-fiji.html
Central,Naitasiri,Matailobau,Delaitoga,NI,naitasiri::matailobau,naitasiri::matailobau::delaitoga,True,SOURCE_SEED,,https://www.fiji-budget-vacations.com/provinces-of-fiji.html
Central,Naitasiri,Matailobau,Nabena,NI,naitasiri::matailobau,naitasiri::matailobau::nabena,True,SOURCE_SEED,,https://www.fiji-budget-vacations.com/provinces-of-fiji.html
Central,Naitasiri,Matailobau,Matailobau,NI,naitasiri::matailobau,naitasiri::matailobau::matailobau,True,SOURCE_SEED,,https://www.fiji-budget-vacations.com/provinces-of-fiji.html
Central,Naitasiri,Waima,Nakorovatu,NI,naitasiri::waima,naitasiri::waima::nakorovatu,True,SOURCE_SEED,,https://www.fiji-budget-vacations.com/provinces-of-fiji.html
Central,Naitasiri,Waima,Naqara,NI,naitasiri::waima,naitasiri::waima::naqara,True,SOURCE_SEED,,https://www.fiji-budget-vacations.com/provinces-of-fiji.html
Central,Naitasiri,Waima,Vusiga,NI,naitasiri::waima,naitasiri::waima::vusiga,True,SOURCE_SEED,,https://www.fiji-budget-vacations.com/provinces-of-fiji.html
Central,Naitasiri,Lutu,Lutu,NI,naitasiri::lutu,naitasiri::lutu::lutu,True,SOURCE_SEED,,https://www.fiji-budget-vacations.com/provinces-of-fiji.html
Central,Naitasiri,Lutu,Navuniyaro,NI,naitasiri::lutu,naitasiri::lutu::navuniyaro,True,SOURCE_SEED,,https://www.fiji-budget-vacations.com/provinces-of-fiji.html
Central,Naitasiri,Lutu,Nukuloa,NI,naitasiri::lutu,naitasiri::lutu::nukuloa,True,SOURCE_SEED,,https://www.fiji-budget-vacations.com/provinces-of-fiji.html
Central,Naitasiri,Nagonenicolo,Nakorosule,NI,naitasiri::nagonenicolo,naitasiri::nagonenicolo::nakorosule,True,SOURCE_SEED,,https://www.fiji-budget-vacations.com/provinces-of-fiji.html
Central,Naitasiri,Nagonenicolo,Waibalavu,NI,naitasiri::nagonenicolo,naitasiri::nagonenicolo::waibalavu,True,SOURCE_SEED,,https://www.fiji-budget-vacations.com/provinces-of-fiji.html
Central,Naitasiri,Nagonenicolo,Nawaisomo,NI,naitasiri::nagonenicolo,naitasiri::nagonenicolo::nawaisomo,True,SOURCE_SEED,,https://www.fiji-budget-vacations.com/provinces-of-fiji.html
Central,Naitasiri,Nagonenicolo,Wairuarua,NI,naitasiri::nagonenicolo,naitasiri::nagonenicolo::wairuarua,True,SOURCE_SEED,,https://www.fiji-budget-vacations.com/provinces-of-fiji.html
Central,Naitasiri,Nagonenicolo,Nasalia,NI,naitasiri::nagonenicolo,naitasiri::nagonenicolo::nasalia,True,SOURCE_SEED,,https://www.fiji-budget-vacations.com/provinces-of-fiji.html
Central,Naitasiri,Nagonenicolo,Laselevu,NI,naitasiri::nagonenicolo,naitasiri::nagonenicolo::laselevu,True,SOURCE_SEED,,https://www.fiji-budget-vacations.com/provinces-of-fiji.html
Central,Naitasiri,Nagonenicolo,Udu,NI,naitasiri::nagonenicolo,naitasiri::nagonenicolo::udu,True,SOURCE_SEED,,https://www.fiji-budget-vacations.com/provinces-of-fiji.html
Central,Naitasiri,Nagonenicolo,Burelevu,NI,naitasiri::nagonenicolo,naitasiri::nagonenicolo::burelevu,True,SOURCE_SEED,,https://www.fiji-budget-vacations.com/provinces-of-fiji.html
Central,Naitasiri,Noimalu,Narokorokoyawa,NI,naitasiri::noimalu,naitasiri::noimalu::narokorokoyawa,True,SOURCE_SEED,,https://www.fiji-budget-vacations.com/provinces-of-fiji.html
Central,Naitasiri,Noimalu,Korovou,NI,naitasiri::noimalu,naitasiri::noimalu::korovou,True,SOURCE_SEED,,https://www.fiji-budget-vacations.com/provinces-of-fiji.html
Central,Naitasiri,Noimalu,Matawailevu,NI,naitasiri::noimalu,naitasiri::noimalu::matawailevu,True,SOURCE_SEED,,https://www.fiji-budget-vacations.com/provinces-of-fiji.html
Central,Naitasiri,Noimalu,Nasava,NI,naitasiri::noimalu,naitasiri::noimalu::nasava,True,SOURCE_SEED,,https://www.fiji-budget-vacations.com/provinces-of-fiji.html
Central,Naitasiri,Noimalu,Nasauvere,NI,naitasiri::noimalu,naitasiri::noimalu::nasauvere,True,SOURCE_SEED,,https://www.fiji-budget-vacations.com/provinces-of-fiji.html
Central,Naitasiri,Noimalu,Tubarua,NI,naitasiri::noimalu,naitasiri::noimalu::tubarua,True,SOURCE_SEED,,https://www.fiji-budget-vacations.com/provinces-of-fiji.html
Central,Naitasiri,Muaira,Lutu,NI,naitasiri::muaira,naitasiri::muaira::lutu,True,SOURCE_SEED,,https://www.fiji-budget-vacations.com/provinces-of-fiji.html
Central,Naitasiri,Muaira,Matainasau,NI,naitasiri::muaira,naitasiri::muaira::matainasau,True,SOURCE_SEED,,https://www.fiji-budget-vacations.com/provinces-of-fiji.html
Central,Naitasiri,Muaira,Waibasaga,NI,naitasiri::muaira,naitasiri::muaira::waibasaga,True,SOURCE_SEED,,https://www.fiji-budget-vacations.com/provinces-of-fiji.html
Central,Naitasiri,Muaira,Botenaulu,NI,naitasiri::muaira,naitasiri::muaira::botenaulu,True,SOURCE_SEED,,https://www.fiji-budget-vacations.com/provinces-of-fiji.html
Central,Naitasiri,Muaira,Sawanikula,NI,naitasiri::muaira,naitasiri::muaira::sawanikula,True,SOURCE_SEED,,https://www.fiji-budget-vacations.com/provinces-of-fiji.html
Central,Naitasiri,Muaira,Nabukunivatu,NI,naitasiri::muaira,naitasiri::muaira::nabukunivatu,True,SOURCE_SEED,,https://www.fiji-budget-vacations.com/provinces-of-fiji.html
Central,Naitasiri,Muaira,Bulibulinakuro,NI,naitasiri::muaira,naitasiri::muaira::bulibulinakuro,True,SOURCE_SEED,,https://www.fiji-budget-vacations.com/provinces-of-fiji.html
Central,Naitasiri,Muaira,Nadovu,NI,naitasiri::muaira,naitasiri::muaira::nadovu,True,SOURCE_SEED,,https://www.fiji-budget-vacations.com/provinces-of-fiji.html
Central,Naitasiri,Nadaravakawalu,Naivucini,NI,naitasiri::nadaravakawalu,naitasiri::nadaravakawalu::naivucini,True,SOURCE_SEED,,https://www.fiji-budget-vacations.com/provinces-of-fiji.html
Central,Naitasiri,Nadaravakawalu,Saumakia,NI,naitasiri::nadaravakawalu,naitasiri::nadaravakawalu::saumakia,True,SOURCE_SEED,,https://www.fiji-budget-vacations.com/provinces-of-fiji.html
Central,Naitasiri,Nadaravakawalu,Naitauvoli,NI,naitasiri::nadaravakawalu,naitasiri::nadaravakawalu::naitauvoli,True,SOURCE_SEED,,https://www.fiji-budget-vacations.com/provinces-of-fiji.html
Central,Naitasiri,Nadaravakawalu,Nuku,NI,naitasiri::nadaravakawalu,naitasiri::nadaravakawalu::nuku,True,SOURCE_SEED,,https://www.fiji-budget-vacations.com/provinces-of-fiji.html
Central,Naitasiri,Nabobuco,Naqelewai,NI,naitasiri::nabobuco,naitasiri::nabobuco::naqelewai,True,SOURCE_SEED,,https://www.fiji-budget-vacations.com/provinces-of-fiji.html
Central,Naitasiri,Nabobuco,Rewasau,NI,naitasiri::nabobuco,naitasiri::nabobuco::rewasau,True,SOURCE_SEED,,https://www.fiji-budget-vacations.com/provinces-of-fiji.html
Central,Naitasiri,Nabobuco,Nasiriti,NI,naitasiri::nabobuco,naitasiri::nabobuco::nasiriti,True,SOURCE_SEED,,https://www.fiji-budget-vacations.com/provinces-of-fiji.html
Central,Naitasiri,Nabobuco,Nasoqo,NI,naitasiri::nabobuco,naitasiri::nabobuco::nasoqo,True,SOURCE_SEED,,https://www.fiji-budget-vacations.com/provinces-of-fiji.html
Central,Naitasiri,Nabobuco,Roma,NI,naitasiri::nabobuco,naitasiri::nabobuco::roma,True,SOURCE_SEED,,https://www.fiji-budget-vacations.com/provinces-of-fiji.html
Central,Naitasiri,Nabobuco,Navai,NI,naitasiri::nabobuco,naitasiri::nabobuco::navai,True,SOURCE_SEED,,https://www.fiji-budget-vacations.com/provinces-of-fiji.html
Central,Namosi,Namosi,Namosi,NM,namosi::namosi,namosi::namosi::namosi,True,SOURCE_SEED,,https://www.fiji-budget-vacations.com/provinces-of-fiji.html
Central,Namosi,Namosi,Navunibau,NM,namosi::namosi,namosi::namosi::navunibau,True,SOURCE_SEED,,https://www.fiji-budget-vacations.com/provinces-of-fiji.html
Central,Namosi,Namosi,Navuniyasitu,NM,namosi::namosi,namosi::namosi::navuniyasitu,True,SOURCE_SEED,,https://www.fiji-budget-vacations.com/provinces-of-fiji.html
Central,Namosi,Namosi,Narukunibua,NM,namosi::namosi,namosi::namosi::narukunibua,True,SOURCE_SEED,,https://www.fiji-budget-vacations.com/provinces-of-fiji.html
Central,Namosi,Namosi,Waivaka,NM,namosi::namosi,namosi::namosi::waivaka,True,SOURCE_SEED,,https://www.fiji-budget-vacations.com/provinces-of-fiji.html
Central,Namosi,Namosi,Naduruyasi,NM,namosi::namosi,namosi::namosi::naduruyasi,True,SOURCE_SEED,,https://www.fiji-budget-vacations.com/provinces-of-fiji.html
Central,Namosi,Wainikoroiluva,Wainikoroiluva,NM,namosi::wainikoroiluva,namosi::wainikoroiluva::wainikoroiluva,True,SOURCE_SEED,,https://www.fiji-budget-vacations.com/provinces-of-fiji.html
Central,Namosi,Wainikoroiluva,Nukusere,NM,namosi::wainikoroiluva,namosi::wainikoroiluva::nukusere,True,SOURCE_SEED,,https://www.fiji-budget-vacations.com/provinces-of-fiji.html
Central,Namosi,Wainikoroiluva,Nakavika,NM,namosi::wainikoroiluva,namosi::wainikoroiluva::nakavika,True,SOURCE_SEED,,https://www.fiji-budget-vacations.com/provinces-of-fiji.html
Central,Namosi,Wainikoroiluva,Navunikabi,NM,namosi::wainikoroiluva,namosi::wainikoroiluva::navunikabi,True,SOURCE_SEED,,https://www.fiji-budget-vacations.com/provinces-of-fiji.html
Central,Namosi,Wainikoroiluva,Saliyadrau,NM,namosi::wainikoroiluva,namosi::wainikoroiluva::saliyadrau,True,SOURCE_SEED,,https://www.fiji-budget-vacations.com/provinces-of-fiji.html
Central,Namosi,Veinuqa,Nasoqo,NM,namosi::veinuqa,namosi::veinuqa::nasoqo,True,SOURCE_SEED,,https://www.fiji-budget-vacations.com/provinces-of-fiji.html
Central,Namosi,Veinuqa,Wainilotulevu,NM,namosi::veinuqa,namosi::veinuqa::wainilotulevu,True,SOURCE_SEED,,https://www.fiji-budget-vacations.com/provinces-of-fiji.html
Central,Namosi,Veinuqa,Korovou,NM,namosi::veinuqa,namosi::veinuqa::korovou,True,SOURCE_SEED,,https://www.fiji-budget-vacations.com/provinces-of-fiji.html
Central,Namosi,Veinuqa,Wainiyavu,NM,namosi::veinuqa,namosi::veinuqa::wainiyavu,True,SOURCE_SEED,,https://www.fiji-budget-vacations.com/provinces-of-fiji.html
Central,Namosi,Veinuqa,Burotu,NM,namosi::veinuqa,namosi::veinuqa::burotu,True,SOURCE_SEED,,https://www.fiji-budget-vacations.com/provinces-of-fiji.html
Central,Namosi,Veinuqa,Vunidavo,NM,namosi::veinuqa,namosi::veinuqa::vunidavo,True,SOURCE_SEED,,https://www.fiji-budget-vacations.com/provinces-of-fiji.html
Central,Namosi,Naqarawai,Naqarawai,NM,namosi::naqarawai,namosi::naqarawai::naqarawai,True,SOURCE_SEED,,https://www.fiji-budget-vacations.com/provinces-of-fiji.html
Central,Namosi,Naqarawai,Wainimakutu,NM,namosi::naqarawai,namosi::naqarawai::wainimakutu,True,SOURCE_SEED,,https://www.fiji-budget-vacations.com/provinces-of-fiji.html
Central,Namosi,Naqarawai,Naraiyawa,NM,namosi::naqarawai,namosi::naqarawai::naraiyawa,True,SOURCE_SEED,,https://www.fiji-budget-vacations.com/provinces-of-fiji.html
Central,Namosi,Veivatuloa,Veivatuloa,NM,namosi::veivatuloa,namosi::veivatuloa::veivatuloa,True,SOURCE_SEED,,https://www.fiji-budget-vacations.com/provinces-of-fiji.html
Central,Namosi,Veivatuloa,Mau,NM,namosi::veivatuloa,namosi::veivatuloa::mau,True,SOURCE_SEED,,https://www.fiji-budget-vacations.com/provinces-of-fiji.html
Central,Namosi,Veivatuloa,Nabukavesi,NM,namosi::veivatuloa,namosi::veivatuloa::nabukavesi,True,SOURCE_SEED,,https://www.fiji-budget-vacations.com/provinces-of-fiji.html
Central,Namosi,Veivatuloa,Qilai,NM,namosi::veivatuloa,namosi::veivatuloa::qilai,True,SOURCE_SEED,,https://www.fiji-budget-vacations.com/provinces-of-fiji.html
Central,Namosi,Veivatuloa,Navunisoco,NM,namosi::veivatuloa,namosi::veivatuloa::navunisoco,True,SOURCE_SEED,,https://www.fiji-budget-vacations.com/provinces-of-fiji.html
Central,Namosi,Veivatuloa,Lobau,NM,namosi::veivatuloa,namosi::veivatuloa::lobau,True,SOURCE_SEED,,https://www.fiji-budget-vacations.com/provinces-of-fiji.html
Central,Namosi,Veivatuloa,Namelimeli,NM,namosi::veivatuloa,namosi::veivatuloa::namelimeli,True,SOURCE_SEED,,https://www.fiji-budget-vacations.com/provinces-of-fiji.html
Central,Namosi,Veivatuloa,Nakavu,NM,namosi::veivatuloa,namosi::veivatuloa::nakavu,True,SOURCE_SEED,,https://www.fiji-budget-vacations.com/provinces-of-fiji.html
Western,Ra,Naroko,Rewasa,RA,ra::naroko,ra::naroko::rewasa,True,SOURCE_SEED,,https://www.fiji-budget-vacations.com/provinces-of-fiji.html
Western,Ra,Naroko,Vatukacevaceva,RA,ra::naroko,ra::naroko::vatukacevaceva,True,SOURCE_SEED,,https://www.fiji-budget-vacations.com/provinces-of-fiji.html
Western,Ra,Naroko,Nokonoko,RA,ra::naroko,ra::naroko::nokonoko,True,SOURCE_SEED,,https://www.fiji-budget-vacations.com/provinces-of-fiji.html
Western,Ra,Naroko,Vaidoko,RA,ra::naroko,ra::naroko::vaidoko,True,SOURCE_SEED,,https://www.fiji-budget-vacations.com/provinces-of-fiji.html
Western,Ra,Naroko,Narara,RA,ra::naroko,ra::naroko::narara,True,SOURCE_SEED,,https://www.fiji-budget-vacations.com/provinces-of-fiji.html
Western,Ra,Naroko,Danivau,RA,ra::naroko,ra::naroko::danivau,True,SOURCE_SEED,,https://www.fiji-budget-vacations.com/provinces-of-fiji.html
Western,Ra,Naroko,Naboutolu,RA,ra::naroko,ra::naroko::naboutolu,True,SOURCE_SEED,,https://www.fiji-budget-vacations.com/provinces-of-fiji.html
Western,Ra,Tokaimalo,Nayaulevu,RA,ra::tokaimalo,ra::tokaimalo::nayaulevu,True,SOURCE_SEED,,https://www.fiji-budget-vacations.com/provinces-of-fiji.html
Western,Ra,Tokaimalo,Mataveikai,RA,ra::tokaimalo,ra::tokaimalo::mataveikai,True,SOURCE_SEED,,https://www.fiji-budget-vacations.com/provinces-of-fiji.html
Western,Ra,Tokaimalo,Nabalebale,RA,ra::tokaimalo,ra::tokaimalo::nabalebale,True,SOURCE_SEED,,https://www.fiji-budget-vacations.com/provinces-of-fiji.html
Western,Ra,Tokaimalo,Vunisea,RA,ra::tokaimalo,ra::tokaimalo::vunisea,True,SOURCE_SEED,,https://www.fiji-budget-vacations.com/provinces-of-fiji.html
Western,Ra,Tokaimalo,Vuniyaumunu,RA,ra::tokaimalo,ra::tokaimalo::vuniyaumunu,True,SOURCE_SEED,,https://www.fiji-budget-vacations.com/provinces-of-fiji.html
Western,Ra,Tokaimalo,Nailawa,RA,ra::tokaimalo,ra::tokaimalo::nailawa,True,SOURCE_SEED,,https://www.fiji-budget-vacations.com/provinces-of-fiji.html
Western,Ra,Tokaimalo,Naraviravi,RA,ra::tokaimalo,ra::tokaimalo::naraviravi,True,SOURCE_SEED,,https://www.fiji-budget-vacations.com/provinces-of-fiji.html
Western,Ra,Tokaimalo,Naivutu,RA,ra::tokaimalo,ra::tokaimalo::naivutu,True,SOURCE_SEED,,https://www.fiji-budget-vacations.com/provinces-of-fiji.html
Western,Ra,Tokaimalo,Navarai,RA,ra::tokaimalo,ra::tokaimalo::navarai,True,SOURCE_SEED,,https://www.fiji-budget-vacations.com/provinces-of-fiji.html
Western,Ra,Saivou,Nanukuloa,RA,ra::saivou,ra::saivou::nanukuloa,True,SOURCE_SEED,,https://www.fiji-budget-vacations.com/provinces-of-fiji.html
Western,Ra,Saivou,Barotu,RA,ra::saivou,ra::saivou::barotu,True,SOURCE_SEED,,https://www.fiji-budget-vacations.com/provinces-of-fiji.html
Western,Ra,Saivou,Naiserelagi,RA,ra::saivou,ra::saivou::naiserelagi,True,SOURCE_SEED,,https://www.fiji-budget-vacations.com/provinces-of-fiji.html
Western,Ra,Saivou,Tokio,RA,ra::saivou,ra::saivou::tokio,True,SOURCE_SEED,,https://www.fiji-budget-vacations.com/provinces-of-fiji.html
Western,Ra,Saivou,Rokoroko,RA,ra::saivou,ra::saivou::rokoroko,True,SOURCE_SEED,,https://www.fiji-budget-vacations.com/provinces-of-fiji.html
Western,Ra,Nailuva,Nailuva,RA,ra::nailuva,ra::nailuva::nailuva,True,SOURCE_SEED,,https://www.fiji-budget-vacations.com/provinces-of-fiji.html
Western,Ra,Nailuva,Nararavou,RA,ra::nailuva,ra::nailuva::nararavou,True,SOURCE_SEED,,https://www.fiji-budget-vacations.com/provinces-of-fiji.html
Western,Ra,Nailuva,Balasere,RA,ra::nailuva,ra::nailuva::balasere,True,SOURCE_SEED,,https://www.fiji-budget-vacations.com/provinces-of-fiji.html
Western,Ra,Nailuva,Naqelecibi,RA,ra::nailuva,ra::nailuva::naqelecibi,True,SOURCE_SEED,,https://www.fiji-budget-vacations.com/provinces-of-fiji.html
Western,Ra,Nailuva,Namasia,RA,ra::nailuva,ra::nailuva::namasia,True,SOURCE_SEED,,https://www.fiji-budget-vacations.com/provinces-of-fiji.html
Western,Ra,Nalaba,Burelevu,RA,ra::nalaba,ra::nalaba::burelevu,True,SOURCE_SEED,,https://www.fiji-budget-vacations.com/provinces-of-fiji.html
Western,Ra,Nalaba,Nativi,RA,ra::nalaba,ra::nalaba::nativi,True,SOURCE_SEED,,https://www.fiji-budget-vacations.com/provinces-of-fiji.html
Western,Ra,Nalaba,Namata,RA,ra::nalaba,ra::nalaba::namata,True,SOURCE_SEED,,https://www.fiji-budget-vacations.com/provinces-of-fiji.html
Western,Ra,Rakiraki,Navatulevu,RA,ra::rakiraki,ra::rakiraki::navatulevu,True,SOURCE_SEED,,https://www.fiji-budget-vacations.com/provinces-of-fiji.html
Western,Ra,Rakiraki,Vatusekiyasawa,RA,ra::rakiraki,ra::rakiraki::vatusekiyasawa,True,SOURCE_SEED,,https://www.fiji-budget-vacations.com/provinces-of-fiji.html
Western,Ra,Rakiraki,Navuavua,RA,ra::rakiraki,ra::rakiraki::navuavua,True,SOURCE_SEED,,https://www.fiji-budget-vacations.com/provinces-of-fiji.html
Western,Ra,Rakiraki,Vitawa,RA,ra::rakiraki,ra::rakiraki::vitawa,True,SOURCE_SEED,,https://www.fiji-budget-vacations.com/provinces-of-fiji.html
Western,Ra,Rakiraki,Malake,RA,ra::rakiraki,ra::rakiraki::malake,True,SOURCE_SEED,,https://www.fiji-budget-vacations.com/provinces-of-fiji.html
Western,Ra,Raviravi,Nadrauniivi,RA,ra::raviravi,ra::raviravi::nadrauniivi,True,SOURCE_SEED,,https://www.fiji-budget-vacations.com/provinces-of-fiji.html
Western,Ra,Raviravi,Togavere,RA,ra::raviravi,ra::raviravi::togavere,True,SOURCE_SEED,,https://www.fiji-budget-vacations.com/provinces-of-fiji.html
Western,Ra,Raviravi,Vunitogoloa,RA,ra::raviravi,ra::raviravi::vunitogoloa,True,SOURCE_SEED,,https://www.fiji-budget-vacations.com/provinces-of-fiji.html
Western,Ra,Raviravi,Naivuvuni,RA,ra::raviravi,ra::raviravi::naivuvuni,True,SOURCE_SEED,,https://www.fiji-budget-vacations.com/provinces-of-fiji.html
Western,Ra,Raviravi,Narewa,RA,ra::raviravi,ra::raviravi::narewa,True,SOURCE_SEED,,https://www.fiji-budget-vacations.com/provinces-of-fiji.html
Western,Ra,Raviravi,Narabuli,RA,ra::raviravi,ra::raviravi::narabuli,True,SOURCE_SEED,,https://www.fiji-budget-vacations.com/provinces-of-fiji.html
Western,Ra,Raviravi,Naseyani,RA,ra::raviravi,ra::raviravi::naseyani,True,SOURCE_SEED,,https://www.fiji-budget-vacations.com/provinces-of-fiji.html
Western,Ra,Raviravi,Nananu,RA,ra::raviravi,ra::raviravi::nananu,True,SOURCE_SEED,,https://www.fiji-budget-vacations.com/provinces-of-fiji.html
Western,Ra,Navolau,Navolau #1,RA,ra::navolau,ra::navolau::navolau-number-1,True,SOURCE_SEED,,https://www.fiji-budget-vacations.com/provinces-of-fiji.html
Western,Ra,Navolau,Namuaimada,RA,ra::navolau,ra::navolau::namuaimada,True,SOURCE_SEED,,https://www.fiji-budget-vacations.com/provinces-of-fiji.html
Western,Ra,Navolau,Navolau #2,RA,ra::navolau,ra::navolau::navolau-number-2,True,SOURCE_SEED,,https://www.fiji-budget-vacations.com/provinces-of-fiji.html
Western,Ra,Nakorotubu,Namarai,RA,ra::nakorotubu,ra::nakorotubu::namarai,True,SOURCE_SEED,,https://www.fiji-budget-vacations.com/provinces-of-fiji.html
Western,Ra,Nakorotubu,Naocobau,RA,ra::nakorotubu,ra::nakorotubu::naocobau,True,SOURCE_SEED,,https://www.fiji-budget-vacations.com/provinces-of-fiji.html
Western,Ra,Nakorotubu,Verevere,RA,ra::nakorotubu,ra::nakorotubu::verevere,True,SOURCE_SEED,,https://www.fiji-budget-vacations.com/provinces-of-fiji.html
Western,Ra,Nakorotubu,Saioko,RA,ra::nakorotubu,ra::nakorotubu::saioko,True,SOURCE_SEED,,https://www.fiji-budget-vacations.com/provinces-of-fiji.html
Western,Ra,Nakorotubu,Nadavacia,RA,ra::nakorotubu,ra::nakorotubu::nadavacia,True,SOURCE_SEED,,https://www.fiji-budget-vacations.com/provinces-of-fiji.html
Western,Ra,Bureiwai,Delaiyadua,RA,ra::bureiwai,ra::bureiwai::delaiyadua,True,SOURCE_SEED,,https://www.fiji-budget-vacations.com/provinces-of-fiji.html
Western,Ra,Bureiwai,Nadogoloa,RA,ra::bureiwai,ra::bureiwai::nadogoloa,True,SOURCE_SEED,,https://www.fiji-budget-vacations.com/provinces-of-fiji.html
Western,Ra,Bureiwai,Matainananu,RA,ra::bureiwai,ra::bureiwai::matainananu,True,SOURCE_SEED,,https://www.fiji-budget-vacations.com/provinces-of-fiji.html
Western,Ra,Bureiwai,Naivoco,RA,ra::bureiwai,ra::bureiwai::naivoco,True,SOURCE_SEED,,https://www.fiji-budget-vacations.com/provinces-of-fiji.html
Western,Ra,Kavula,Nabukadra,RA,ra::kavula,ra::kavula::nabukadra,True,SOURCE_SEED,,https://www.fiji-budget-vacations.com/provinces-of-fiji.html
Western,Ra,Kavula,Nayavutoka,RA,ra::kavula,ra::kavula::nayavutoka,True,SOURCE_SEED,,https://www.fiji-budget-vacations.com/provinces-of-fiji.html
Western,Ra,Bureivanua,Sowa,RA,ra::bureivanua,ra::bureivanua::sowa,True,SOURCE_SEED,,https://www.fiji-budget-vacations.com/provinces-of-fiji.html
Western,Ra,Bureivanua,Balekinaga,RA,ra::bureivanua,ra::bureivanua::balekinaga,True,SOURCE_SEED,,https://www.fiji-budget-vacations.com/provinces-of-fiji.html
Western,Ra,Bureivanua,Nalidi,RA,ra::bureivanua,ra::bureivanua::nalidi,True,SOURCE_SEED,,https://www.fiji-budget-vacations.com/provinces-of-fiji.html
Western,Ra,Bureivanua,Matuku,RA,ra::bureivanua,ra::bureivanua::matuku,True,SOURCE_SEED,,https://www.fiji-budget-vacations.com/provinces-of-fiji.html
Western,Ra,Nakuilava,Bucalevu,RA,ra::nakuilava,ra::nakuilava::bucalevu,True,SOURCE_SEED,,https://www.fiji-budget-vacations.com/provinces-of-fiji.html
Western,Ra,Nakuilava,Toki,RA,ra::nakuilava,ra::nakuilava::toki,True,SOURCE_SEED,,https://www.fiji-budget-vacations.com/provinces-of-fiji.html
Western,Ra,Nakuilava,Draunaleka,RA,ra::nakuilava,ra::nakuilava::draunaleka,True,SOURCE_SEED,,https://www.fiji-budget-vacations.com/provinces-of-fiji.html
Western,Ra,Nakuilava,Tobu,RA,ra::nakuilava,ra::nakuilava::tobu,True,SOURCE_SEED,,https://www.fiji-budget-vacations.com/provinces-of-fiji.html
Western,Ra,Nakuilava,Savulotu,RA,ra::nakuilava,ra::nakuilava::savulotu,True,SOURCE_SEED,,https://www.fiji-budget-vacations.com/provinces-of-fiji.html
Western,Ra,Nakuilava,Dama,RA,ra::nakuilava,ra::nakuilava::dama,True,SOURCE_SEED,,https://www.fiji-budget-vacations.com/provinces-of-fiji.html
Western,Ra,Mataso,Nakorovou,RA,ra::mataso,ra::mataso::nakorovou,True,SOURCE_SEED,,https://www.fiji-budget-vacations.com/provinces-of-fiji.html
Western,Ra,Mataso,Narikoso,RA,ra::mataso,ra::mataso::narikoso,True,SOURCE_SEED,,https://www.fiji-budget-vacations.com/provinces-of-fiji.html
Western,Ra,Navitilevu,Nayavuira,RA,ra::navitilevu,ra::navitilevu::nayavuira,True,SOURCE_SEED,,https://www.fiji-budget-vacations.com/provinces-of-fiji.html
Western,Ra,Navitilevu,Navuniivi,RA,ra::navitilevu,ra::navitilevu::navuniivi,True,SOURCE_SEED,,https://www.fiji-budget-vacations.com/provinces-of-fiji.html
Western,Ra,Navitilevu,Nasau,RA,ra::navitilevu,ra::navitilevu::nasau,True,SOURCE_SEED,,https://www.fiji-budget-vacations.com/provinces-of-fiji.html
Western,Ra,Navitilevu,Veidrala,RA,ra::navitilevu,ra::navitilevu::veidrala,True,SOURCE_SEED,,https://www.fiji-budget-vacations.com/provinces-of-fiji.html
Western,Ra,Lawaki,Nakorovou,RA,ra::lawaki,ra::lawaki::nakorovou,True,SOURCE_SEED,,https://www.fiji-budget-vacations.com/provinces-of-fiji.html
Western,Ra,Lawaki,Nawairuku,RA,ra::lawaki,ra::lawaki::nawairuku,True,SOURCE_SEED,,https://www.fiji-budget-vacations.com/provinces-of-fiji.html
Western,Ra,Lawaki,Namara,RA,ra::lawaki,ra::lawaki::namara,True,SOURCE_SEED,,https://www.fiji-budget-vacations.com/provinces-of-fiji.html
Western,Ra,Lawaki,Sawenivo,RA,ra::lawaki,ra::lawaki::sawenivo,True,SOURCE_SEED,,https://www.fiji-budget-vacations.com/provinces-of-fiji.html
Western,Ra,Nasau,Nadawa,RA,ra::nasau,ra::nasau::nadawa,True,SOURCE_SEED,,https://www.fiji-budget-vacations.com/provinces-of-fiji.html
Western,Ra,Nasau,Ovalau,RA,ra::nasau,ra::nasau::ovalau,True,SOURCE_SEED,,https://www.fiji-budget-vacations.com/provinces-of-fiji.html
Western,Ra,Nasau,Vanuakula,RA,ra::nasau,ra::nasau::vanuakula,True,SOURCE_SEED,,https://www.fiji-budget-vacations.com/provinces-of-fiji.html
Western,Ra,Nasau,Nubumakita,RA,ra::nasau,ra::nasau::nubumakita,True,SOURCE_SEED,,https://www.fiji-budget-vacations.com/provinces-of-fiji.html
Western,Ra,Nasau,Nukulau,RA,ra::nasau,ra::nasau::nukulau,True,SOURCE_SEED,,https://www.fiji-budget-vacations.com/provinces-of-fiji.html
Western,Ra,Nasau,Nasukamai,RA,ra::nasau,ra::nasau::nasukamai,True,SOURCE_SEED,,https://www.fiji-budget-vacations.com/provinces-of-fiji.html
Western,Ra,Nasau,Nauria,RA,ra::nasau,ra::nasau::nauria,True,SOURCE_SEED,,https://www.fiji-budget-vacations.com/provinces-of-fiji.html
Western,Ra,Nalawa,Matawailevu,RA,ra::nalawa,ra::nalawa::matawailevu,True,SOURCE_SEED,,https://www.fiji-budget-vacations.com/provinces-of-fiji.html
Western,Ra,Nalawa,Nausori,RA,ra::nalawa,ra::nalawa::nausori,True,SOURCE_SEED,,https://www.fiji-budget-vacations.com/provinces-of-fiji.html
Western,Ra,Nalawa,Burenitu,RA,ra::nalawa,ra::nalawa::burenitu,True,SOURCE_SEED,,https://www.fiji-budget-vacations.com/provinces-of-fiji.html
Western,Ra,Nababa,Rokovuaka,RA,ra::nababa,ra::nababa::rokovuaka,True,SOURCE_SEED,,https://www.fiji-budget-vacations.com/provinces-of-fiji.html
Western,Ra,Nababa,Navitilevu,RA,ra::nababa,ra::nababa::navitilevu,True,SOURCE_SEED,,https://www.fiji-budget-vacations.com/provinces-of-fiji.html
Western,Ra,Nababa,Nalalawa,RA,ra::nababa,ra::nababa::nalalawa,True,SOURCE_SEED,,https://www.fiji-budget-vacations.com/provinces-of-fiji.html
Central,Rewa,Rewa,Lomanikoro,RE,rewa::rewa,rewa::rewa::lomanikoro,True,SOURCE_SEED,,https://www.fiji-budget-vacations.com/provinces-of-fiji.html
Central,Rewa,Rewa,Nasigatoka,RE,rewa::rewa,rewa::rewa::nasigatoka,True,SOURCE_SEED,,https://www.fiji-budget-vacations.com/provinces-of-fiji.html
Central,Rewa,Rewa,Nukutubu,RE,rewa::rewa,rewa::rewa::nukutubu,True,SOURCE_SEED,,https://www.fiji-budget-vacations.com/provinces-of-fiji.html
Central,Rewa,Rewa,Nabua,RE,rewa::rewa,rewa::rewa::nabua,True,SOURCE_SEED,,https://www.fiji-budget-vacations.com/provinces-of-fiji.html
Central,Rewa,Rewa,Nasilai,RE,rewa::rewa,rewa::rewa::nasilai,True,SOURCE_SEED,,https://www.fiji-budget-vacations.com/provinces-of-fiji.html
Central,Rewa,Rewa,Drekena,RE,rewa::rewa,rewa::rewa::drekena,True,SOURCE_SEED,,https://www.fiji-budget-vacations.com/provinces-of-fiji.html
Central,Rewa,Rewa,Vunuku,RE,rewa::rewa,rewa::rewa::vunuku,True,SOURCE_SEED,,https://www.fiji-budget-vacations.com/provinces-of-fiji.html
Central,Rewa,Rewa,Tavuya,RE,rewa::rewa,rewa::rewa::tavuya,True,SOURCE_SEED,,https://www.fiji-budget-vacations.com/provinces-of-fiji.html
Central,Rewa,Rewa,Nukui,RE,rewa::rewa,rewa::rewa::nukui,True,SOURCE_SEED,,https://www.fiji-budget-vacations.com/provinces-of-fiji.html
Central,Rewa,Rewa,Narocivo,RE,rewa::rewa,rewa::rewa::narocivo,True,SOURCE_SEED,,https://www.fiji-budget-vacations.com/provinces-of-fiji.html
Central,Rewa,Rewa,Lokia,RE,rewa::rewa,rewa::rewa::lokia,True,SOURCE_SEED,,https://www.fiji-budget-vacations.com/provinces-of-fiji.html
Central,Rewa,Vutia,Muanaicake,RE,rewa::vutia,rewa::vutia::muanaicake,True,SOURCE_SEED,,https://www.fiji-budget-vacations.com/provinces-of-fiji.html
Central,Rewa,Vutia,Muanaira,RE,rewa::vutia,rewa::vutia::muanaira,True,SOURCE_SEED,,https://www.fiji-budget-vacations.com/provinces-of-fiji.html
Central,Rewa,Vutia,Laucala,RE,rewa::vutia,rewa::vutia::laucala,True,SOURCE_SEED,,https://www.fiji-budget-vacations.com/provinces-of-fiji.html
Central,Rewa,Toga,Navatuyaba,RE,rewa::toga,rewa::toga::navatuyaba,True,SOURCE_SEED,,https://www.fiji-budget-vacations.com/provinces-of-fiji.html
Central,Rewa,Toga,Vunisei,RE,rewa::toga,rewa::toga::vunisei,True,SOURCE_SEED,,https://www.fiji-budget-vacations.com/provinces-of-fiji.html
Central,Rewa,Toga,Muana,RE,rewa::toga,rewa::toga::muana,True,SOURCE_SEED,,https://www.fiji-budget-vacations.com/provinces-of-fiji.html
Central,Rewa,Noco,Nabudrau,RE,rewa::noco,rewa::noco::nabudrau,True,SOURCE_SEED,,https://www.fiji-budget-vacations.com/provinces-of-fiji.html
Central,Rewa,Noco,Nakuriwai,RE,rewa::noco,rewa::noco::nakuriwai,True,SOURCE_SEED,,https://www.fiji-budget-vacations.com/provinces-of-fiji.html
Central,Rewa,Noco,Nacuru,RE,rewa::noco,rewa::noco::nacuru,True,SOURCE_SEED,,https://www.fiji-budget-vacations.com/provinces-of-fiji.html
Central,Rewa,Noco,Taci,RE,rewa::noco,rewa::noco::taci,True,SOURCE_SEED,,https://www.fiji-budget-vacations.com/provinces-of-fiji.html
Central,Rewa,Noco,Nakauwaru,RE,rewa::noco,rewa::noco::nakauwaru,True,SOURCE_SEED,,https://www.fiji-budget-vacations.com/provinces-of-fiji.html
Central,Rewa,Noco,Navaka,RE,rewa::noco,rewa::noco::navaka,True,SOURCE_SEED,,https://www.fiji-budget-vacations.com/provinces-of-fiji.html
Central,Rewa,Noco,Matanimoli,RE,rewa::noco,rewa::noco::matanimoli,True,SOURCE_SEED,,https://www.fiji-budget-vacations.com/provinces-of-fiji.html
Central,Rewa,Noco,Naqarani,RE,rewa::noco,rewa::noco::naqarani,True,SOURCE_SEED,,https://www.fiji-budget-vacations.com/provinces-of-fiji.html
Central,Rewa,Noco,Naivilaca,RE,rewa::noco,rewa::noco::naivilaca,True,SOURCE_SEED,,https://www.fiji-budget-vacations.com/provinces-of-fiji.html
Central,Rewa,Noco,Narocake,RE,rewa::noco,rewa::noco::narocake,True,SOURCE_SEED,,https://www.fiji-budget-vacations.com/provinces-of-fiji.html
Central,Rewa,Burebasaga,Burebasaga,RE,rewa::burebasaga,rewa::burebasaga::burebasaga,True,SOURCE_SEED,,https://www.fiji-budget-vacations.com/provinces-of-fiji.html
Central,Rewa,Burebasaga,Waivou,RE,rewa::burebasaga,rewa::burebasaga::waivou,True,SOURCE_SEED,,https://www.fiji-budget-vacations.com/provinces-of-fiji.html
Central,Rewa,Burebasaga,Naivikisara,RE,rewa::burebasaga,rewa::burebasaga::naivikisara,True,SOURCE_SEED,,https://www.fiji-budget-vacations.com/provinces-of-fiji.html
Central,Rewa,Burebasaga,Suva Lailai,RE,rewa::burebasaga,rewa::burebasaga::suva-lailai,True,SOURCE_SEED,,https://www.fiji-budget-vacations.com/provinces-of-fiji.html
Central,Rewa,Dreketi,Vunisinu,RE,rewa::dreketi,rewa::dreketi::vunisinu,True,SOURCE_SEED,,https://www.fiji-budget-vacations.com/provinces-of-fiji.html
Central,Rewa,Dreketi,Nalase,RE,rewa::dreketi,rewa::dreketi::nalase,True,SOURCE_SEED,,https://www.fiji-budget-vacations.com/provinces-of-fiji.html
Central,Rewa,Dreketi,Nabuli,RE,rewa::dreketi,rewa::dreketi::nabuli,True,SOURCE_SEED,,https://www.fiji-budget-vacations.com/provinces-of-fiji.html
Central,Rewa,Dreketi,Nadoria,RE,rewa::dreketi,rewa::dreketi::nadoria,True,SOURCE_SEED,,https://www.fiji-budget-vacations.com/provinces-of-fiji.html
Central,Rewa,Dreketi,Nakorovou,RE,rewa::dreketi,rewa::dreketi::nakorovou,True,SOURCE_SEED,,https://www.fiji-budget-vacations.com/provinces-of-fiji.html
Central,Rewa,Suva,Suvavou,RE,rewa::suva,rewa::suva::suvavou,True,SOURCE_SEED,,https://www.fiji-budget-vacations.com/provinces-of-fiji.html
Central,Rewa,Suva,Waiqanake,RE,rewa::suva,rewa::suva::waiqanake,True,SOURCE_SEED,,https://www.fiji-budget-vacations.com/provinces-of-fiji.html
Central,Rewa,Suva,Muavuso,RE,rewa::suva,rewa::suva::muavuso,True,SOURCE_SEED,,https://www.fiji-budget-vacations.com/provinces-of-fiji.html
Central,Rewa,Suva,Togalevu,RE,rewa::suva,rewa::suva::togalevu,True,SOURCE_SEED,,https://www.fiji-budget-vacations.com/provinces-of-fiji.html
Central,Rewa,Suva,Lami,RE,rewa::suva,rewa::suva::lami,True,SOURCE_SEED,,https://www.fiji-budget-vacations.com/provinces-of-fiji.html
Central,Rewa,Suva,Nabaka,RE,rewa::suva,rewa::suva::nabaka,True,SOURCE_SEED,,https://www.fiji-budget-vacations.com/provinces-of-fiji.html
Central,Rewa,Suva,Wainawa,RE,rewa::suva,rewa::suva::wainawa,True,SOURCE_SEED,,https://www.fiji-budget-vacations.com/provinces-of-fiji.html
Central,Rewa,Suva,Naivikinikini,RE,rewa::suva,rewa::suva::naivikinikini,True,SOURCE_SEED,,https://www.fiji-budget-vacations.com/provinces-of-fiji.html
Central,Rewa,Sawau,Dakuibeqa,RE,rewa::sawau,rewa::sawau::dakuibeqa,True,SOURCE_SEED,,https://www.fiji-budget-vacations.com/provinces-of-fiji.html
Central,Rewa,Sawau,Naceva,RE,rewa::sawau,rewa::sawau::naceva,True,SOURCE_SEED,,https://www.fiji-budget-vacations.com/provinces-of-fiji.html
Central,Rewa,Sawau,Rukua,RE,rewa::sawau,rewa::sawau::rukua,True,SOURCE_SEED,,https://www.fiji-budget-vacations.com/provinces-of-fiji.html
Central,Rewa,Sawau,Lalati,RE,rewa::sawau,rewa::sawau::lalati,True,SOURCE_SEED,,https://www.fiji-budget-vacations.com/provinces-of-fiji.html
Central,Rewa,Raviravi,Soliyaga,RE,rewa::raviravi,rewa::raviravi::soliyaga,True,SOURCE_SEED,,https://www.fiji-budget-vacations.com/provinces-of-fiji.html
Central,Rewa,Raviravi,Dakuni,RE,rewa::raviravi,rewa::raviravi::dakuni,True,SOURCE_SEED,,https://www.fiji-budget-vacations.com/provinces-of-fiji.html
Central,Rewa,Raviravi,Raviravi,RE,rewa::raviravi,rewa::raviravi::raviravi,True,SOURCE_SEED,,https://www.fiji-budget-vacations.com/provinces-of-fiji.html
Central,Rewa,Raviravi,Nawaisomo,RE,rewa::raviravi,rewa::raviravi::nawaisomo,True,SOURCE_SEED,,https://www.fiji-budget-vacations.com/provinces-of-fiji.html
Central,Serua,Serua,Serua,SE,serua::serua,serua::serua::serua,True,SOURCE_SEED,,https://www.fiji-budget-vacations.com/provinces-of-fiji.html
Central,Serua,Serua,Navutulevu,SE,serua::serua,serua::serua::navutulevu,True,SOURCE_SEED,,https://www.fiji-budget-vacations.com/provinces-of-fiji.html
Central,Serua,Serua,Nabukelevu,SE,serua::serua,serua::serua::nabukelevu,True,SOURCE_SEED,,https://www.fiji-budget-vacations.com/provinces-of-fiji.html
Central,Serua,Serua,Nabotini,SE,serua::serua,serua::serua::nabotini,True,SOURCE_SEED,,https://www.fiji-budget-vacations.com/provinces-of-fiji.html
Central,Serua,Serua,Namaqumaqua,SE,serua::serua,serua::serua::namaqumaqua,True,SOURCE_SEED,,https://www.fiji-budget-vacations.com/provinces-of-fiji.html
Central,Serua,Serua,Vunaniu,SE,serua::serua,serua::serua::vunaniu,True,SOURCE_SEED,,https://www.fiji-budget-vacations.com/provinces-of-fiji.html
Central,Serua,Serua,Korovisilou,SE,serua::serua,serua::serua::korovisilou,True,SOURCE_SEED,,https://www.fiji-budget-vacations.com/provinces-of-fiji.html
Central,Serua,Serua,Yanuca,SE,serua::serua,serua::serua::yanuca,True,SOURCE_SEED,,https://www.fiji-budget-vacations.com/provinces-of-fiji.html
Central,Serua,Serua,Culanuku,SE,serua::serua,serua::serua::culanuku,True,SOURCE_SEED,,https://www.fiji-budget-vacations.com/provinces-of-fiji.html
Central,Serua,Deuba,Sadro,SE,serua::deuba,serua::deuba::sadro,True,SOURCE_SEED,,https://www.fiji-budget-vacations.com/provinces-of-fiji.html
Central,Serua,Deuba,Nasavu,SE,serua::deuba,serua::deuba::nasavu,True,SOURCE_SEED,,https://www.fiji-budget-vacations.com/provinces-of-fiji.html
Central,Serua,Deuba,Saniveiuto,SE,serua::deuba,serua::deuba::saniveiuto,True,SOURCE_SEED,,https://www.fiji-budget-vacations.com/provinces-of-fiji.html
Central,Serua,Deuba,Vunibau,SE,serua::deuba,serua::deuba::vunibau,True,SOURCE_SEED,,https://www.fiji-budget-vacations.com/provinces-of-fiji.html
Central,Serua,Nuku,Nuku,SE,serua::nuku,serua::nuku::nuku,True,SOURCE_SEED,,https://www.fiji-budget-vacations.com/provinces-of-fiji.html
Central,Serua,Nuku,Waibogi,SE,serua::nuku,serua::nuku::waibogi,True,SOURCE_SEED,,https://www.fiji-budget-vacations.com/provinces-of-fiji.html
Central,Serua,Nuku,Wainadiro,SE,serua::nuku,serua::nuku::wainadiro,True,SOURCE_SEED,,https://www.fiji-budget-vacations.com/provinces-of-fiji.html
Central,Serua,Nuku,Masi,SE,serua::nuku,serua::nuku::masi,True,SOURCE_SEED,,https://www.fiji-budget-vacations.com/provinces-of-fiji.html
Central,Serua,Nuku,Naimasimasi,SE,serua::nuku,serua::nuku::naimasimasi,True,SOURCE_SEED,,https://www.fiji-budget-vacations.com/provinces-of-fiji.html
Central,Serua,Nuku,Sabata,SE,serua::nuku,serua::nuku::sabata,True,SOURCE_SEED,,https://www.fiji-budget-vacations.com/provinces-of-fiji.html
Central,Serua,Batiwai,Galoa,SE,serua::batiwai,serua::batiwai::galoa,True,SOURCE_SEED,,https://www.fiji-budget-vacations.com/provinces-of-fiji.html
Central,Serua,Batiwai,Nakorovou,SE,serua::batiwai,serua::batiwai::nakorovou,True,SOURCE_SEED,,https://www.fiji-budget-vacations.com/provinces-of-fiji.html
Central,Serua,Batiwai,Dranikula,SE,serua::batiwai,serua::batiwai::dranikula,True,SOURCE_SEED,,https://www.fiji-budget-vacations.com/provinces-of-fiji.html
Central,Serua,Batiwai,Wainiyabia,SE,serua::batiwai,serua::batiwai::wainiyabia,True,SOURCE_SEED,,https://www.fiji-budget-vacations.com/provinces-of-fiji.html
Central,Serua,Batiwai,Qarasau,SE,serua::batiwai,serua::batiwai::qarasau,True,SOURCE_SEED,,https://www.fiji-budget-vacations.com/provinces-of-fiji.html
Central,Tailevu,Bau,Bau,TA,tailevu::bau,tailevu::bau::bau,True,SOURCE_SEED,,https://www.fiji-budget-vacations.com/provinces-of-fiji.html
Central,Tailevu,Bau,Soso,TA,tailevu::bau,tailevu::bau::soso,True,SOURCE_SEED,,https://www.fiji-budget-vacations.com/provinces-of-fiji.html
Central,Tailevu,Bau,Lasakau,TA,tailevu::bau,tailevu::bau::lasakau,True,SOURCE_SEED,,https://www.fiji-budget-vacations.com/provinces-of-fiji.html
Central,Tailevu,Bau,Namuka,TA,tailevu::bau,tailevu::bau::namuka,True,SOURCE_SEED,,https://www.fiji-budget-vacations.com/provinces-of-fiji.html
Central,Tailevu,Bau,Nakoroivau,TA,tailevu::bau,tailevu::bau::nakoroivau,True,SOURCE_SEED,,https://www.fiji-budget-vacations.com/provinces-of-fiji.html
Central,Tailevu,Bau,Viwa,TA,tailevu::bau,tailevu::bau::viwa,True,SOURCE_SEED,,https://www.fiji-budget-vacations.com/provinces-of-fiji.html
Central,Tailevu,Bau,Ovea,TA,tailevu::bau,tailevu::bau::ovea,True,SOURCE_SEED,,https://www.fiji-budget-vacations.com/provinces-of-fiji.html
Central,Tailevu,Bau,Vatoa,TA,tailevu::bau,tailevu::bau::vatoa,True,SOURCE_SEED,,https://www.fiji-budget-vacations.com/provinces-of-fiji.html
Central,Tailevu,Bau,Waicoka,TA,tailevu::bau,tailevu::bau::waicoka,True,SOURCE_SEED,,https://www.fiji-budget-vacations.com/provinces-of-fiji.html
Central,Tailevu,Bau,Cautata,TA,tailevu::bau,tailevu::bau::cautata,True,SOURCE_SEED,,https://www.fiji-budget-vacations.com/provinces-of-fiji.html
Central,Tailevu,Bau,Vatani,TA,tailevu::bau,tailevu::bau::vatani,True,SOURCE_SEED,,https://www.fiji-budget-vacations.com/provinces-of-fiji.html
Central,Tailevu,Bau,Dromuna,TA,tailevu::bau,tailevu::bau::dromuna,True,SOURCE_SEED,,https://www.fiji-budget-vacations.com/provinces-of-fiji.html
Central,Tailevu,Bau,Kiuva,TA,tailevu::bau,tailevu::bau::kiuva,True,SOURCE_SEED,,https://www.fiji-budget-vacations.com/provinces-of-fiji.html
Central,Tailevu,Bau,Muanaira,TA,tailevu::bau,tailevu::bau::muanaira,True,SOURCE_SEED,,https://www.fiji-budget-vacations.com/provinces-of-fiji.html
Central,Tailevu,Bau,Naqeledamu,TA,tailevu::bau,tailevu::bau::naqeledamu,True,SOURCE_SEED,,https://www.fiji-budget-vacations.com/provinces-of-fiji.html
Central,Tailevu,Bau,Logani,TA,tailevu::bau,tailevu::bau::logani,True,SOURCE_SEED,,https://www.fiji-budget-vacations.com/provinces-of-fiji.html
Central,Tailevu,Bau,Natila,TA,tailevu::bau,tailevu::bau::natila,True,SOURCE_SEED,,https://www.fiji-budget-vacations.com/provinces-of-fiji.html
Central,Tailevu,Namara,Naisausau,TA,tailevu::namara,tailevu::namara::naisausau,True,SOURCE_SEED,,https://www.fiji-budget-vacations.com/provinces-of-fiji.html
Central,Tailevu,Namara,Nakorolevu,TA,tailevu::namara,tailevu::namara::nakorolevu,True,SOURCE_SEED,,https://www.fiji-budget-vacations.com/provinces-of-fiji.html
Central,Tailevu,Namara,Matamaivere,TA,tailevu::namara,tailevu::namara::matamaivere,True,SOURCE_SEED,,https://www.fiji-budget-vacations.com/provinces-of-fiji.html
Central,Tailevu,Namara,Tubalevu,TA,tailevu::namara,tailevu::namara::tubalevu,True,SOURCE_SEED,,https://www.fiji-budget-vacations.com/provinces-of-fiji.html
Central,Tailevu,Namara,Naikawaga,TA,tailevu::namara,tailevu::namara::naikawaga,True,SOURCE_SEED,,https://www.fiji-budget-vacations.com/provinces-of-fiji.html
Central,Tailevu,Namara,Nakalawaca,TA,tailevu::namara,tailevu::namara::nakalawaca,True,SOURCE_SEED,,https://www.fiji-budget-vacations.com/provinces-of-fiji.html
Central,Tailevu,Nausori,Nausori,TA,tailevu::nausori,tailevu::nausori::nausori,True,SOURCE_SEED,,https://www.fiji-budget-vacations.com/provinces-of-fiji.html
Central,Tailevu,Nausori,Vunimono,TA,tailevu::nausori,tailevu::nausori::vunimono,True,SOURCE_SEED,,https://www.fiji-budget-vacations.com/provinces-of-fiji.html
Central,Tailevu,Nausori,Nadali,TA,tailevu::nausori,tailevu::nausori::nadali,True,SOURCE_SEED,,https://www.fiji-budget-vacations.com/provinces-of-fiji.html
Central,Tailevu,Nausori,Verata-wailevu,TA,tailevu::nausori,tailevu::nausori::verata-wailevu,True,SOURCE_SEED,,https://www.fiji-budget-vacations.com/provinces-of-fiji.html
Central,Tailevu,Nausori,Naduru,TA,tailevu::nausori,tailevu::nausori::naduru,True,SOURCE_SEED,,https://www.fiji-budget-vacations.com/provinces-of-fiji.html
Central,Tailevu,Nausori,Molituva,TA,tailevu::nausori,tailevu::nausori::molituva,True,SOURCE_SEED,,https://www.fiji-budget-vacations.com/provinces-of-fiji.html
Central,Tailevu,Nausori,Namono,TA,tailevu::nausori,tailevu::nausori::namono,True,SOURCE_SEED,,https://www.fiji-budget-vacations.com/provinces-of-fiji.html
Central,Tailevu,Dravo,Dravo,TA,tailevu::dravo,tailevu::dravo::dravo,True,SOURCE_SEED,,https://www.fiji-budget-vacations.com/provinces-of-fiji.html
Central,Tailevu,Dravo,Naisogovau,TA,tailevu::dravo,tailevu::dravo::naisogovau,True,SOURCE_SEED,,https://www.fiji-budget-vacations.com/provinces-of-fiji.html
Central,Tailevu,Dravo,Naila,TA,tailevu::dravo,tailevu::dravo::naila,True,SOURCE_SEED,,https://www.fiji-budget-vacations.com/provinces-of-fiji.html
Central,Tailevu,Dravo,Mokani,TA,tailevu::dravo,tailevu::dravo::mokani,True,SOURCE_SEED,,https://www.fiji-budget-vacations.com/provinces-of-fiji.html
Central,Tailevu,Dravo,Maumi,TA,tailevu::dravo,tailevu::dravo::maumi,True,SOURCE_SEED,,https://www.fiji-budget-vacations.com/provinces-of-fiji.html
Central,Tailevu,Namata,Raralevu,TA,tailevu::namata,tailevu::namata::raralevu,True,SOURCE_SEED,,https://www.fiji-budget-vacations.com/provinces-of-fiji.html
Central,Tailevu,Namata,Namata,TA,tailevu::namata,tailevu::namata::namata,True,SOURCE_SEED,,https://www.fiji-budget-vacations.com/provinces-of-fiji.html
Central,Tailevu,Nakelo,Nauluvatu,TA,tailevu::nakelo,tailevu::nakelo::nauluvatu,True,SOURCE_SEED,,https://www.fiji-budget-vacations.com/provinces-of-fiji.html
Central,Tailevu,Nakelo,Namuka-Vakali,TA,tailevu::nakelo,tailevu::nakelo::namuka-vakali,True,SOURCE_SEED,,https://www.fiji-budget-vacations.com/provinces-of-fiji.html
Central,Tailevu,Nakelo,Visama,TA,tailevu::nakelo,tailevu::nakelo::visama,True,SOURCE_SEED,,https://www.fiji-budget-vacations.com/provinces-of-fiji.html
Central,Tailevu,Nakelo,Tumavia,TA,tailevu::nakelo,tailevu::nakelo::tumavia,True,SOURCE_SEED,,https://www.fiji-budget-vacations.com/provinces-of-fiji.html
Central,Tailevu,Nakelo,Muana,TA,tailevu::nakelo,tailevu::nakelo::muana,True,SOURCE_SEED,,https://www.fiji-budget-vacations.com/provinces-of-fiji.html
Central,Tailevu,Nakelo,Naluna,TA,tailevu::nakelo,tailevu::nakelo::naluna,True,SOURCE_SEED,,https://www.fiji-budget-vacations.com/provinces-of-fiji.html
Central,Tailevu,Nakelo,Vutuvo,TA,tailevu::nakelo,tailevu::nakelo::vutuvo,True,SOURCE_SEED,,https://www.fiji-budget-vacations.com/provinces-of-fiji.html
Central,Tailevu,Nakelo,Waikete,TA,tailevu::nakelo,tailevu::nakelo::waikete,True,SOURCE_SEED,,https://www.fiji-budget-vacations.com/provinces-of-fiji.html
Central,Tailevu,Nakelo,Naimalovau,TA,tailevu::nakelo,tailevu::nakelo::naimalovau,True,SOURCE_SEED,,https://www.fiji-budget-vacations.com/provinces-of-fiji.html
Central,Tailevu,Nakelo,Vaturua,TA,tailevu::nakelo,tailevu::nakelo::vaturua,True,SOURCE_SEED,,https://www.fiji-budget-vacations.com/provinces-of-fiji.html
Central,Tailevu,Nakelo,Nasilai,TA,tailevu::nakelo,tailevu::nakelo::nasilai,True,SOURCE_SEED,,https://www.fiji-budget-vacations.com/provinces-of-fiji.html
Central,Tailevu,Nakelo,Nakaulevu,TA,tailevu::nakelo,tailevu::nakelo::nakaulevu,True,SOURCE_SEED,,https://www.fiji-budget-vacations.com/provinces-of-fiji.html
Central,Tailevu,Nakelo,Anitioki,TA,tailevu::nakelo,tailevu::nakelo::anitioki,True,SOURCE_SEED,,https://www.fiji-budget-vacations.com/provinces-of-fiji.html
Central,Tailevu,Nakelo,Kelili,TA,tailevu::nakelo,tailevu::nakelo::kelili,True,SOURCE_SEED,,https://www.fiji-budget-vacations.com/provinces-of-fiji.html
Central,Tailevu,Nakelo,Nukulau,TA,tailevu::nakelo,tailevu::nakelo::nukulau,True,SOURCE_SEED,,https://www.fiji-budget-vacations.com/provinces-of-fiji.html
Central,Tailevu,Nakelo,Vunivaivai,TA,tailevu::nakelo,tailevu::nakelo::vunivaivai,True,SOURCE_SEED,,https://www.fiji-budget-vacations.com/provinces-of-fiji.html
Central,Tailevu,Nakelo,Vadrai,TA,tailevu::nakelo,tailevu::nakelo::vadrai,True,SOURCE_SEED,,https://www.fiji-budget-vacations.com/provinces-of-fiji.html
Central,Tailevu,Nuku,Natogadravu,TA,tailevu::nuku,tailevu::nuku::natogadravu,True,SOURCE_SEED,,https://www.fiji-budget-vacations.com/provinces-of-fiji.html
Central,Tailevu,Nuku,Naselai,TA,tailevu::nuku,tailevu::nuku::naselai,True,SOURCE_SEED,,https://www.fiji-budget-vacations.com/provinces-of-fiji.html
Central,Tailevu,Nuku,Natoveya,TA,tailevu::nuku,tailevu::nuku::natoveya,True,SOURCE_SEED,,https://www.fiji-budget-vacations.com/provinces-of-fiji.html
Central,Tailevu,Tokatoka,Nabitu,TA,tailevu::tokatoka,tailevu::tokatoka::nabitu,True,SOURCE_SEED,,https://www.fiji-budget-vacations.com/provinces-of-fiji.html
Central,Tailevu,Tokatoka,Vuci,TA,tailevu::tokatoka,tailevu::tokatoka::vuci,True,SOURCE_SEED,,https://www.fiji-budget-vacations.com/provinces-of-fiji.html
Central,Tailevu,Tokatoka,Draubuta,TA,tailevu::tokatoka,tailevu::tokatoka::draubuta,True,SOURCE_SEED,,https://www.fiji-budget-vacations.com/provinces-of-fiji.html
Central,Tailevu,Tokatoka,Lomainasau,TA,tailevu::tokatoka,tailevu::tokatoka::lomainasau,True,SOURCE_SEED,,https://www.fiji-budget-vacations.com/provinces-of-fiji.html
Central,Tailevu,Tokatoka,Vanuadina,TA,tailevu::tokatoka,tailevu::tokatoka::vanuadina,True,SOURCE_SEED,,https://www.fiji-budget-vacations.com/provinces-of-fiji.html
Central,Tailevu,Tokatoka,Nakaile,TA,tailevu::tokatoka,tailevu::tokatoka::nakaile,True,SOURCE_SEED,,https://www.fiji-budget-vacations.com/provinces-of-fiji.html
Central,Tailevu,Tokatoka,Vanualevu,TA,tailevu::tokatoka,tailevu::tokatoka::vanualevu,True,SOURCE_SEED,,https://www.fiji-budget-vacations.com/provinces-of-fiji.html
Central,Tailevu,Buretu,Buretu,TA,tailevu::buretu,tailevu::buretu::buretu,True,SOURCE_SEED,,https://www.fiji-budget-vacations.com/provinces-of-fiji.html
Central,Tailevu,Buretu,Matainoco,TA,tailevu::buretu,tailevu::buretu::matainoco,True,SOURCE_SEED,,https://www.fiji-budget-vacations.com/provinces-of-fiji.html
Central,Tailevu,Buretu,Nabouciwa,TA,tailevu::buretu,tailevu::buretu::nabouciwa,True,SOURCE_SEED,,https://www.fiji-budget-vacations.com/provinces-of-fiji.html
Central,Tailevu,Buretu,Naivakacau,TA,tailevu::buretu,tailevu::buretu::naivakacau,True,SOURCE_SEED,,https://www.fiji-budget-vacations.com/provinces-of-fiji.html
Central,Tailevu,Buretu,Daku,TA,tailevu::buretu,tailevu::buretu::daku,True,SOURCE_SEED,,https://www.fiji-budget-vacations.com/provinces-of-fiji.html
Central,Tailevu,Verata,Ucunivanua,TA,tailevu::verata,tailevu::verata::ucunivanua,True,SOURCE_SEED,,https://www.fiji-budget-vacations.com/provinces-of-fiji.html
Central,Tailevu,Verata,Naloto,TA,tailevu::verata,tailevu::verata::naloto,True,SOURCE_SEED,,https://www.fiji-budget-vacations.com/provinces-of-fiji.html
Central,Tailevu,Verata,Naivuruvuru,TA,tailevu::verata,tailevu::verata::naivuruvuru,True,SOURCE_SEED,,https://www.fiji-budget-vacations.com/provinces-of-fiji.html
Central,Tailevu,Verata,Navunimono,TA,tailevu::verata,tailevu::verata::navunimono,True,SOURCE_SEED,,https://www.fiji-budget-vacations.com/provinces-of-fiji.html
Central,Tailevu,Verata,Sawa,TA,tailevu::verata,tailevu::verata::sawa,True,SOURCE_SEED,,https://www.fiji-budget-vacations.com/provinces-of-fiji.html
Central,Tailevu,Verata,Kumi,TA,tailevu::verata,tailevu::verata::kumi,True,SOURCE_SEED,,https://www.fiji-budget-vacations.com/provinces-of-fiji.html
Central,Tailevu,Verata,Naigani,TA,tailevu::verata,tailevu::verata::naigani,True,SOURCE_SEED,,https://www.fiji-budget-vacations.com/provinces-of-fiji.html
Central,Tailevu,Verata,Uluiloli,TA,tailevu::verata,tailevu::verata::uluiloli,True,SOURCE_SEED,,https://www.fiji-budget-vacations.com/provinces-of-fiji.html
Central,Tailevu,Namalata,Matacaucau,TA,tailevu::namalata,tailevu::namalata::matacaucau,True,SOURCE_SEED,,https://www.fiji-budget-vacations.com/provinces-of-fiji.html
Central,Tailevu,Namalata,Matacula,TA,tailevu::namalata,tailevu::namalata::matacula,True,SOURCE_SEED,,https://www.fiji-budget-vacations.com/provinces-of-fiji.html
Central,Tailevu,Namalata,Nailega,TA,tailevu::namalata,tailevu::namalata::nailega,True,SOURCE_SEED,,https://www.fiji-budget-vacations.com/provinces-of-fiji.html
Central,Tailevu,Namalata,Nakorovou,TA,tailevu::namalata,tailevu::namalata::nakorovou,True,SOURCE_SEED,,https://www.fiji-budget-vacations.com/provinces-of-fiji.html
Central,Tailevu,Namalata,Veinuqa,TA,tailevu::namalata,tailevu::namalata::veinuqa,True,SOURCE_SEED,,https://www.fiji-budget-vacations.com/provinces-of-fiji.html
Central,Tailevu,Namalata,Naitutu,TA,tailevu::namalata,tailevu::namalata::naitutu,True,SOURCE_SEED,,https://www.fiji-budget-vacations.com/provinces-of-fiji.html
Central,Tailevu,Namalata,Navunisole,TA,tailevu::namalata,tailevu::namalata::navunisole,True,SOURCE_SEED,,https://www.fiji-budget-vacations.com/provinces-of-fiji.html
Central,Tailevu,Namalata,Nakalawaca,TA,tailevu::namalata,tailevu::namalata::nakalawaca,True,SOURCE_SEED,,https://www.fiji-budget-vacations.com/provinces-of-fiji.html
Central,Tailevu,Namalata,Delasui,TA,tailevu::namalata,tailevu::namalata::delasui,True,SOURCE_SEED,,https://www.fiji-budget-vacations.com/provinces-of-fiji.html
Central,Tailevu,Namalata,Nayawasara,TA,tailevu::namalata,tailevu::namalata::nayawasara,True,SOURCE_SEED,,https://www.fiji-budget-vacations.com/provinces-of-fiji.html
Central,Tailevu,Namalata,Davetalevu,TA,tailevu::namalata,tailevu::namalata::davetalevu,True,SOURCE_SEED,,https://www.fiji-budget-vacations.com/provinces-of-fiji.html
Central,Tailevu,Tai,Dravuni,TA,tailevu::tai,tailevu::tai::dravuni,True,SOURCE_SEED,,https://www.fiji-budget-vacations.com/provinces-of-fiji.html
Central,Tailevu,Tai,Naisaumua,TA,tailevu::tai,tailevu::tai::naisaumua,True,SOURCE_SEED,,https://www.fiji-budget-vacations.com/provinces-of-fiji.html
Central,Tailevu,Tai,Naiborebore,TA,tailevu::tai,tailevu::tai::naiborebore,True,SOURCE_SEED,,https://www.fiji-budget-vacations.com/provinces-of-fiji.html
Central,Tailevu,Vugalei,Natobuniqio,TA,tailevu::vugalei,tailevu::vugalei::natobuniqio,True,SOURCE_SEED,,https://www.fiji-budget-vacations.com/provinces-of-fiji.html
Central,Tailevu,Vugalei,Namulomulo,TA,tailevu::vugalei,tailevu::vugalei::namulomulo,True,SOURCE_SEED,,https://www.fiji-budget-vacations.com/provinces-of-fiji.html
Central,Tailevu,Vugalei,Nadaro,TA,tailevu::vugalei,tailevu::vugalei::nadaro,True,SOURCE_SEED,,https://www.fiji-budget-vacations.com/provinces-of-fiji.html
Central,Tailevu,Vugalei,Sote,TA,tailevu::vugalei,tailevu::vugalei::sote,True,SOURCE_SEED,,https://www.fiji-budget-vacations.com/provinces-of-fiji.html
Central,Tailevu,Vugalei,Visa,TA,tailevu::vugalei,tailevu::vugalei::visa,True,SOURCE_SEED,,https://www.fiji-budget-vacations.com/provinces-of-fiji.html
Central,Tailevu,Vugalei,Savu,TA,tailevu::vugalei,tailevu::vugalei::savu,True,SOURCE_SEED,,https://www.fiji-budget-vacations.com/provinces-of-fiji.html
Central,Tailevu,Vugalei,Naimasimasi,TA,tailevu::vugalei,tailevu::vugalei::naimasimasi,True,SOURCE_SEED,,https://www.fiji-budget-vacations.com/provinces-of-fiji.html
Central,Tailevu,Taivugalei,Natuva,TA,tailevu::taivugalei,tailevu::taivugalei::natuva,True,SOURCE_SEED,,https://www.fiji-budget-vacations.com/provinces-of-fiji.html
Central,Tailevu,Taivugalei,Namena,TA,tailevu::taivugalei,tailevu::taivugalei::namena,True,SOURCE_SEED,,https://www.fiji-budget-vacations.com/provinces-of-fiji.html
Central,Tailevu,Taivugalei,Vatukarasa,TA,tailevu::taivugalei,tailevu::taivugalei::vatukarasa,True,SOURCE_SEED,,https://www.fiji-budget-vacations.com/provinces-of-fiji.html
Central,Tailevu,Taivugalei,Tonia,TA,tailevu::taivugalei,tailevu::taivugalei::tonia,True,SOURCE_SEED,,https://www.fiji-budget-vacations.com/provinces-of-fiji.html
Central,Tailevu,Sawakasa,Sawakasa #1,TA,tailevu::sawakasa,tailevu::sawakasa::sawakasa-number-1,True,SOURCE_SEED,,https://www.fiji-budget-vacations.com/provinces-of-fiji.html
Central,Tailevu,Sawakasa,Sawakasa #2,TA,tailevu::sawakasa,tailevu::sawakasa::sawakasa-number-2,True,SOURCE_SEED,,https://www.fiji-budget-vacations.com/provinces-of-fiji.html
Central,Tailevu,Sawakasa,Burerua,TA,tailevu::sawakasa,tailevu::sawakasa::burerua,True,SOURCE_SEED,,https://www.fiji-budget-vacations.com/provinces-of-fiji.html
Central,Tailevu,Sawakasa,Dakuinuku,TA,tailevu::sawakasa,tailevu::sawakasa::dakuinuku,True,SOURCE_SEED,,https://www.fiji-budget-vacations.com/provinces-of-fiji.html
Central,Tailevu,Sawakasa,Lodoni,TA,tailevu::sawakasa,tailevu::sawakasa::lodoni,True,SOURCE_SEED,,https://www.fiji-budget-vacations.com/provinces-of-fiji.html
Central,Tailevu,Sawakasa,Vorovoro,TA,tailevu::sawakasa,tailevu::sawakasa::vorovoro,True,SOURCE_SEED,,https://www.fiji-budget-vacations.com/provinces-of-fiji.html
Central,Tailevu,Namena,Naburenivalu,TA,tailevu::namena,tailevu::namena::naburenivalu,True,SOURCE_SEED,,https://www.fiji-budget-vacations.com/provinces-of-fiji.html
Central,Tailevu,Namena,Nananu,TA,tailevu::namena,tailevu::namena::nananu,True,SOURCE_SEED,,https://www.fiji-budget-vacations.com/provinces-of-fiji.html
Central,Tailevu,Namena,Burelevu,TA,tailevu::namena,tailevu::namena::burelevu,True,SOURCE_SEED,,https://www.fiji-budget-vacations.com/provinces-of-fiji.html
Central,Tailevu,Namena,Lawaki,TA,tailevu::namena,tailevu::namena::lawaki,True,SOURCE_SEED,,https://www.fiji-budget-vacations.com/provinces-of-fiji.html
Central,Tailevu,Namena,Qoma,TA,tailevu::namena,tailevu::namena::qoma,True,SOURCE_SEED,,https://www.fiji-budget-vacations.com/provinces-of-fiji.html
Central,Tailevu,Namena,Qelekuro,TA,tailevu::namena,tailevu::namena::qelekuro,True,SOURCE_SEED,,https://www.fiji-budget-vacations.com/provinces-of-fiji.html
Central,Tailevu,Namena,Nabualau,TA,tailevu::namena,tailevu::namena::nabualau,True,SOURCE_SEED,,https://www.fiji-budget-vacations.com/provinces-of-fiji.html
Central,Tailevu,Namena,Delaikuku,TA,tailevu::namena,tailevu::namena::delaikuku,True,SOURCE_SEED,,https://www.fiji-budget-vacations.com/provinces-of-fiji.html
Central,Tailevu,Namena,Nadrano,TA,tailevu::namena,tailevu::namena::nadrano,True,SOURCE_SEED,,https://www.fiji-budget-vacations.com/provinces-of-fiji.html
Central,Tailevu,Dawasamu,Driti,TA,tailevu::dawasamu,tailevu::dawasamu::driti,True,SOURCE_SEED,,https://www.fiji-budget-vacations.com/provinces-of-fiji.html
Central,Tailevu,Dawasamu,Delakado,TA,tailevu::dawasamu,tailevu::dawasamu::delakado,True,SOURCE_SEED,,https://www.fiji-budget-vacations.com/provinces-of-fiji.html
Central,Tailevu,Dawasamu,Luvunavuaka,TA,tailevu::dawasamu,tailevu::dawasamu::luvunavuaka,True,SOURCE_SEED,,https://www.fiji-budget-vacations.com/provinces-of-fiji.html
Central,Tailevu,Dawasamu,Nataleira,TA,tailevu::dawasamu,tailevu::dawasamu::nataleira,True,SOURCE_SEED,,https://www.fiji-budget-vacations.com/provinces-of-fiji.html
Central,Tailevu,Dawasamu,Silana,TA,tailevu::dawasamu,tailevu::dawasamu::silana,True,SOURCE_SEED,,https://www.fiji-budget-vacations.com/provinces-of-fiji.html
Central,Tailevu,Dawasamu,Nasinu,TA,tailevu::dawasamu,tailevu::dawasamu::nasinu,True,SOURCE_SEED,,https://www.fiji-budget-vacations.com/provinces-of-fiji.html
Central,Tailevu,Dawasamu,Nabualau,TA,tailevu::dawasamu,tailevu::dawasamu::nabualau,True,SOURCE_SEED,,https://www.fiji-budget-vacations.com/provinces-of-fiji.html
Central,Tailevu,Dawasamu,Delasui,TA,tailevu::dawasamu,tailevu::dawasamu::delasui,True,SOURCE_SEED,,https://www.fiji-budget-vacations.com/provinces-of-fiji.html
Central,Tailevu,Dawasamu,Natadrave,TA,tailevu::dawasamu,tailevu::dawasamu::natadrave,True,SOURCE_SEED,,https://www.fiji-budget-vacations.com/provinces-of-fiji.html
Central,Tailevu,Naloto,Naivicula,TA,tailevu::naloto,tailevu::naloto::naivicula,True,SOURCE_SEED,,https://www.fiji-budget-vacations.com/provinces-of-fiji.html
Central,Tailevu,Naloto,Naveicovatu,TA,tailevu::naloto,tailevu::naloto::naveicovatu,True,SOURCE_SEED,,https://www.fiji-budget-vacations.com/provinces-of-fiji.html
Central,Tailevu,Naloto,Nasau,TA,tailevu::naloto,tailevu::naloto::nasau,True,SOURCE_SEED,,https://www.fiji-budget-vacations.com/provinces-of-fiji.html
Central,Tailevu,Wailotua,Wailotua #2,TA,tailevu::wailotua,tailevu::wailotua::wailotua-number-2,True,SOURCE_SEED,,https://www.fiji-budget-vacations.com/provinces-of-fiji.html
Central,Tailevu,Wailotua,Nalabe,TA,tailevu::wailotua,tailevu::wailotua::nalabe,True,SOURCE_SEED,,https://www.fiji-budget-vacations.com/provinces-of-fiji.html
Central,Tailevu,Wailotua,Natokalau,TA,tailevu::wailotua,tailevu::wailotua::natokalau,True,SOURCE_SEED,,https://www.fiji-budget-vacations.com/provinces-of-fiji.html
Central,Tailevu,Wailotua,Wailotua #1,TA,tailevu::wailotua,tailevu::wailotua::wailotua-number-1,True,SOURCE_SEED,,https://www.fiji-budget-vacations.com/provinces-of-fiji.html
Central,Tailevu,Nasautoka,Nasautoka,TA,tailevu::nasautoka,tailevu::nasautoka::nasautoka,True,SOURCE_SEED,,https://www.fiji-budget-vacations.com/provinces-of-fiji.html
Central,Tailevu,Nasautoka,Nabouva,TA,tailevu::nasautoka,tailevu::nasautoka::nabouva,True,SOURCE_SEED,,https://www.fiji-budget-vacations.com/provinces-of-fiji.html
Central,Tailevu,Nayavu,Nayavu,TA,tailevu::nayavu,tailevu::nayavu::nayavu,True,SOURCE_SEED,,https://www.fiji-budget-vacations.com/provinces-of-fiji.html
Central,Tailevu,Nayavu,Naqia,TA,tailevu::nayavu,tailevu::nayavu::naqia,True,SOURCE_SEED,,https://www.fiji-budget-vacations.com/provinces-of-fiji.html
Central,Tailevu,Nayavu,Naseibitu,TA,tailevu::nayavu,tailevu::nayavu::naseibitu,True,SOURCE_SEED,,https://www.fiji-budget-vacations.com/provinces-of-fiji.html
Central,Tailevu,Nayavu,Namoka,TA,tailevu::nayavu,tailevu::nayavu::namoka,True,SOURCE_SEED,,https://www.fiji-budget-vacations.com/provinces-of-fiji.html
Central,Tailevu,Nayavu,Naveiveiwali,TA,tailevu::nayavu,tailevu::nayavu::naveiveiwali,True,SOURCE_SEED,,https://www.fiji-budget-vacations.com/provinces-of-fiji.html
Central,Tailevu,Nayavu,Natuvatuvavatu,TA,tailevu::nayavu,tailevu::nayavu::natuvatuvavatu,True,SOURCE_SEED,,https://www.fiji-budget-vacations.com/provinces-of-fiji.html
Central,Tailevu,Nailega,Naibita,TA,tailevu::nailega,tailevu::nailega::naibita,True,SOURCE_SEED,,https://www.fiji-budget-vacations.com/provinces-of-fiji.html
Central,Tailevu,Nailega,Nailega,TA,tailevu::nailega,tailevu::nailega::nailega,True,SOURCE_SEED,,https://www.fiji-budget-vacations.com/provinces-of-fiji.html
Central,Tailevu,Nailega,Wailevu,TA,tailevu::nailega,tailevu::nailega::wailevu,True,SOURCE_SEED,,https://www.fiji-budget-vacations.com/provinces-of-fiji.html
Central,Tailevu,Nailega,Nabulini,TA,tailevu::nailega,tailevu::nailega::nabulini,True,SOURCE_SEED,,https://www.fiji-budget-vacations.com/provinces-of-fiji.html
Central,Tailevu,Nailega,Manu,TA,tailevu::nailega,tailevu::nailega::manu,True,SOURCE_SEED,,https://www.fiji-budget-vacations.com/provinces-of-fiji.html
